/* uncomment this if you're going to rebuild the database */

DROP DATABASE hsbcbooking;


CREATE DATABASE IF NOT EXISTS hsbcbooking;
USE hsbcbooking;

/*
Table location:
Stores list of HSBC office location
name: Vancouver Broadway
address: ....
*/
CREATE TABLE location (
	officename varchar(64) NOT NULL,
	address varchar(128) NOT NULL,
    PRIMARY KEY (officename)
    );
    
INSERT INTO location VALUES(
	'Vancouver Broadway Green',
    '2910 Virtual Way, Vancouver BC, V5M 0B2');

/*
Table admin:
Stores id and name that has been assigned as admin
adminid: some empid
adminname: name of the administrator, default is main admin
*/
CREATE TABLE admin (
	adminid varchar(64) NOT NULL,
    PRIMARY KEY (adminid)
    );
    
/*
Table: mapimage
mapkey: the map id of a desk
url: map image url
*/

CREATE TABLE mapimage (
    mapkey varchar(64) NOT NULL,
    url varchar(200) NOT NULL,
    PRIMARY KEY (mapkey)
);

INSERT INTO mapimage VALUES 
('1.A','http://37assets.s3.amazonaws.com/svn/37s-floorplan-big.png'),
('1.A.A','http://37assets.s3.amazonaws.com/svn/37s-floorplan-big.png'),
('1.A.B','http://37assets.s3.amazonaws.com/svn/37s-floorplan-big.png'),
('1.A.C','http://37assets.s3.amazonaws.com/svn/37s-floorplan-big.png'),
('1.B','http://thraam.com/wp-content/uploads/2016/04/www-civicmemorialofficecenter-com-luxury-second-floor-civic-memorial-office-center.jpg'),
('1.B.A','http://thraam.com/wp-content/uploads/2016/04/www-civicmemorialofficecenter-com-luxury-second-floor-civic-memorial-office-center.jpg'),
('1.B.B','http://thraam.com/wp-content/uploads/2016/04/www-civicmemorialofficecenter-com-luxury-second-floor-civic-memorial-office-center.jpg'),
('1.B.C','http://thraam.com/wp-content/uploads/2016/04/www-civicmemorialofficecenter-com-luxury-second-floor-civic-memorial-office-center.jpg'),
('floor_1','http://thraam.com/wp-content/uploads/2016/04/www-civicmemorialofficecenter-com-luxury-second-floor-civic-memorial-office-center.jpg'),
('2.A','https://s-media-cache-ak0.pinimg.com/originals/16/62/fe/1662fe369083e31208902a221e8d9a26.jpg'),
('2.A.A','https://s-media-cache-ak0.pinimg.com/originals/16/62/fe/1662fe369083e31208902a221e8d9a26.jpg'),
('2.A.B','https://s-media-cache-ak0.pinimg.com/originals/16/62/fe/1662fe369083e31208902a221e8d9a26.jpg'),
('2.A.C','https://s-media-cache-ak0.pinimg.com/originals/16/62/fe/1662fe369083e31208902a221e8d9a26.jpg'),
('2.A.D','https://s-media-cache-ak0.pinimg.com/originals/16/62/fe/1662fe369083e31208902a221e8d9a26.jpg'),
('2.A.E','https://s-media-cache-ak0.pinimg.com/originals/16/62/fe/1662fe369083e31208902a221e8d9a26.jpg'),
('2.A.F','https://s-media-cache-ak0.pinimg.com/originals/16/62/fe/1662fe369083e31208902a221e8d9a26.jpg'),
('2.A.G','https://s-media-cache-ak0.pinimg.com/originals/16/62/fe/1662fe369083e31208902a221e8d9a26.jpg'),
('2.B','http://varemerke.info/wp-content/uploads/2016/09/best-open-office-floor-plans-openoffice-floor-plans-2.jpg'),
('2.B.A','http://varemerke.info/wp-content/uploads/2016/09/best-open-office-floor-plans-openoffice-floor-plans-2.jpg'),
('2.B.B','http://varemerke.info/wp-content/uploads/2016/09/best-open-office-floor-plans-openoffice-floor-plans-2.jpg'),
('2.B.C','http://varemerke.info/wp-content/uploads/2016/09/best-open-office-floor-plans-openoffice-floor-plans-2.jpg'),
('2.B.D','http://varemerke.info/wp-content/uploads/2016/09/best-open-office-floor-plans-openoffice-floor-plans-2.jpg'),
('2.B.E','http://varemerke.info/wp-content/uploads/2016/09/best-open-office-floor-plans-openoffice-floor-plans-2.jpg'),
('2.B.F','http://varemerke.info/wp-content/uploads/2016/09/best-open-office-floor-plans-openoffice-floor-plans-2.jpg'),
('2.B.G','http://varemerke.info/wp-content/uploads/2016/09/best-open-office-floor-plans-openoffice-floor-plans-2.jpg'),
('2.B.H','http://varemerke.info/wp-content/uploads/2016/09/best-open-office-floor-plans-openoffice-floor-plans-2.jpg'),
('floor_2','http://varemerke.info/wp-content/uploads/2016/09/best-open-office-floor-plans-openoffice-floor-plans-2.jpg'),
('3.A','http://varemerke.info/wp-content/uploads/2016/09/modern-home-office-floor-plan-office-floor-plans-interior-and-home-decor-18.jpg'),
('3.A.A','http://varemerke.info/wp-content/uploads/2016/09/modern-home-office-floor-plan-office-floor-plans-interior-and-home-decor-18.jpg'),
('3.A.B','http://varemerke.info/wp-content/uploads/2016/09/modern-home-office-floor-plan-office-floor-plans-interior-and-home-decor-18.jpg'),
('3.A.C','http://varemerke.info/wp-content/uploads/2016/09/modern-home-office-floor-plan-office-floor-plans-interior-and-home-decor-18.jpg'),
('3.A.D','http://varemerke.info/wp-content/uploads/2016/09/modern-home-office-floor-plan-office-floor-plans-interior-and-home-decor-18.jpg'),
('3.A.E','http://varemerke.info/wp-content/uploads/2016/09/modern-home-office-floor-plan-office-floor-plans-interior-and-home-decor-18.jpg'),
('3.A.F','http://varemerke.info/wp-content/uploads/2016/09/modern-home-office-floor-plan-office-floor-plans-interior-and-home-decor-18.jpg'),
('3.A.G','http://varemerke.info/wp-content/uploads/2016/09/modern-home-office-floor-plan-office-floor-plans-interior-and-home-decor-18.jpg'),
('3.A.H','http://varemerke.info/wp-content/uploads/2016/09/modern-home-office-floor-plan-office-floor-plans-interior-and-home-decor-18.jpg'),
('3.A.I','http://varemerke.info/wp-content/uploads/2016/09/modern-home-office-floor-plan-office-floor-plans-interior-and-home-decor-18.jpg'),
('3.B','http://www.conceptdraw.com/How-To-Guide/picture/Office%20Space%20Design%20Floor%20Plan.png'),
('3.B.A','http://www.conceptdraw.com/How-To-Guide/picture/Office%20Space%20Design%20Floor%20Plan.png'),
('3.B.B','http://www.conceptdraw.com/How-To-Guide/picture/Office%20Space%20Design%20Floor%20Plan.png'),
('3.B.C','http://www.conceptdraw.com/How-To-Guide/picture/Office%20Space%20Design%20Floor%20Plan.png'),
('3.B.D','http://www.conceptdraw.com/How-To-Guide/picture/Office%20Space%20Design%20Floor%20Plan.png'),
('3.B.E','http://www.conceptdraw.com/How-To-Guide/picture/Office%20Space%20Design%20Floor%20Plan.png'),
('3.B.F','http://www.conceptdraw.com/How-To-Guide/picture/Office%20Space%20Design%20Floor%20Plan.png'),
('3.B.G','http://www.conceptdraw.com/How-To-Guide/picture/Office%20Space%20Design%20Floor%20Plan.png'),
('3.B.H','http://www.conceptdraw.com/How-To-Guide/picture/Office%20Space%20Design%20Floor%20Plan.png'),
('3.B.I','http://www.conceptdraw.com/How-To-Guide/picture/Office%20Space%20Design%20Floor%20Plan.png'),
('floor_3','http://www.conceptdraw.com/How-To-Guide/picture/Office%20Space%20Design%20Floor%20Plan.png'),
('4.A','https://www.edrawsoft.com/images/examples/office%20layout%20sample.png'),
('4.A.A','https://www.edrawsoft.com/images/examples/office%20layout%20sample.png'),
('4.A.B','https://www.edrawsoft.com/images/examples/office%20layout%20sample.png'),
('4.A.C','https://www.edrawsoft.com/images/examples/office%20layout%20sample.png'),
('4.A.D','https://www.edrawsoft.com/images/examples/office%20layout%20sample.png'),
('4.A.E','https://www.edrawsoft.com/images/examples/office%20layout%20sample.png'),
('4.A.F','https://www.edrawsoft.com/images/examples/office%20layout%20sample.png'),
('4.B','http://ritholtz.com/wp-content/uploads/2010/02/Fusion-IQ-floor-plan.png'),
('4.B.A','http://ritholtz.com/wp-content/uploads/2010/02/Fusion-IQ-floor-plan.png'),
('4.B.B','http://ritholtz.com/wp-content/uploads/2010/02/Fusion-IQ-floor-plan.png'),
('4.B.C','http://ritholtz.com/wp-content/uploads/2010/02/Fusion-IQ-floor-plan.png'),
('4.B.D','http://ritholtz.com/wp-content/uploads/2010/02/Fusion-IQ-floor-plan.png'),
('4.B.E','http://ritholtz.com/wp-content/uploads/2010/02/Fusion-IQ-floor-plan.png'),
('4.B.F','http://ritholtz.com/wp-content/uploads/2010/02/Fusion-IQ-floor-plan.png'),
('floor_4','http://ritholtz.com/wp-content/uploads/2010/02/Fusion-IQ-floor-plan.png');


CREATE TABLE floorSection (
	building varchar(64) NOT NULL,
        floor int(4) NOT NULL,
        section varchar(16) NOT NULL,
        mapID varchar(64) NOT NULL,
        PRIMARY KEY (building, floor, section),
        FOREIGN KEY (building) REFERENCES location(officename) ON DELETE CASCADE ON UPDATE CASCADE,
	FOREIGN KEY (mapID) REFERENCES mapimage(mapkey)
    );

INSERT INTO floorSection VALUES
('Vancouver Broadway Green','1','A','1.A'),
('Vancouver Broadway Green','1','B','1.B'),
('Vancouver Broadway Green','2','A','2.A'),
('Vancouver Broadway Green','2','B','2.B'),
('Vancouver Broadway Green','3','A','3.A'),
('Vancouver Broadway Green','3','B','3.B'),
('Vancouver Broadway Green','4','A','4.A'),
('Vancouver Broadway Green','4','B','4.B');
    
/*
Table: desk
Stores all the desk information
number: the unique desk id
location: the office name where the desk locate
floor: floor number of the desk, part of the number 
section: section of the desk, part of the number
*/
CREATE TABLE desk (
	number varchar(16) NOT NULL,
    location varchar(64) NOT NULL,
    floor int(4) NOT NULL,
    section varchar(8) NOT NULL,
    mapID varchar(64) NOT NULL,
    PRIMARY KEY (number, location),
    FOREIGN KEY (location) REFERENCES location(officename) ON DELETE CASCADE ON UPDATE CASCADE,
	FOREIGN KEY (mapID) REFERENCES mapimage(mapkey)
    );

INSERT INTO desk VALUES
('1.A.101','Vancouver Broadway Green','1','A','1.A.B'),
('1.A.102','Vancouver Broadway Green','1','A','1.A.B'),
('1.A.103','Vancouver Broadway Green','1','A','1.A.B'),
('1.A.104','Vancouver Broadway Green','1','A','1.A.B'),
('1.A.105','Vancouver Broadway Green','1','A','1.A.B'),
('1.A.106','Vancouver Broadway Green','1','A','1.A.B'),
('1.A.107','Vancouver Broadway Green','1','A','1.A.B'),
('1.A.108','Vancouver Broadway Green','1','A','1.A.B'),
('1.A.109','Vancouver Broadway Green','1','A','1.A.B'),
('1.A.110','Vancouver Broadway Green','1','A','1.A.B'),
('1.A.111','Vancouver Broadway Green','1','A','1.A.B'),
('1.A.112','Vancouver Broadway Green','1','A','1.A.B'),
('1.A.113','Vancouver Broadway Green','1','A','1.A.B'),
('1.A.114','Vancouver Broadway Green','1','A','1.A.B'),
('1.A.115','Vancouver Broadway Green','1','A','1.A.B'),
('1.A.116','Vancouver Broadway Green','1','A','1.A.B'),
('1.A.117','Vancouver Broadway Green','1','A','1.A.B'),
('1.A.118','Vancouver Broadway Green','1','A','1.A.B'),
('1.A.119','Vancouver Broadway Green','1','A','1.A.B'),
('1.A.120','Vancouver Broadway Green','1','A','1.A.B'),
('1.A.121','Vancouver Broadway Green','1','A','1.A.B'),
('1.A.122','Vancouver Broadway Green','1','A','1.A.B'),
('1.A.123','Vancouver Broadway Green','1','A','1.A.B'),
('1.A.124','Vancouver Broadway Green','1','A','1.A.B'),
('1.A.125','Vancouver Broadway Green','1','A','1.A.B'),
('1.A.126','Vancouver Broadway Green','1','A','1.A.B'),
('1.A.127','Vancouver Broadway Green','1','A','1.A.B'),
('1.A.128','Vancouver Broadway Green','1','A','1.A.B'),
('1.A.129','Vancouver Broadway Green','1','A','1.A.B'),
('1.A.130','Vancouver Broadway Green','1','A','1.A.B'),
('1.A.131','Vancouver Broadway Green','1','A','1.A.B'),
('1.A.132','Vancouver Broadway Green','1','A','1.A.B'),
('1.A.133','Vancouver Broadway Green','1','A','1.A.B'),
('1.A.134','Vancouver Broadway Green','1','A','1.A.B'),
('1.A.135','Vancouver Broadway Green','1','A','1.A.B'),
('1.A.136','Vancouver Broadway Green','1','A','1.A.B'),
('1.A.137','Vancouver Broadway Green','1','A','1.A.C'),
('1.A.138','Vancouver Broadway Green','1','A','1.A.C'),
('1.A.139','Vancouver Broadway Green','1','A','1.A.C'),
('1.A.140','Vancouver Broadway Green','1','A','1.A.C'),
('1.A.141','Vancouver Broadway Green','1','A','1.A.C'),
('1.A.142','Vancouver Broadway Green','1','A','1.A.C'),
('1.A.143','Vancouver Broadway Green','1','A','1.A.C'),
('1.A.144','Vancouver Broadway Green','1','A','1.A.C'),
('1.A.145','Vancouver Broadway Green','1','A','1.A.A'),
('1.A.146','Vancouver Broadway Green','1','A','1.A.A'),
('1.A.147','Vancouver Broadway Green','1','A','1.A.A'),
('1.A.148','Vancouver Broadway Green','1','A','1.A.A'),
('1.A.149','Vancouver Broadway Green','1','A','1.A.A'),
('1.A.150','Vancouver Broadway Green','1','A','1.A.A'),
('1.A.151','Vancouver Broadway Green','1','A','1.A.A'),
('1.A.152','Vancouver Broadway Green','1','A','1.A.A'),
('1.A.153','Vancouver Broadway Green','1','A','1.A.A'),
('1.A.154','Vancouver Broadway Green','1','A','1.A.A'),
('1.A.155','Vancouver Broadway Green','1','A','1.A.A'),
('1.A.156','Vancouver Broadway Green','1','A','1.A.A'),
('1.A.157','Vancouver Broadway Green','1','A','1.A.A'),
('1.A.158','Vancouver Broadway Green','1','A','1.A.A'),
('1.A.159','Vancouver Broadway Green','1','A','1.A.A'),
('1.A.160','Vancouver Broadway Green','1','A','1.A.A'),
('1.A.161','Vancouver Broadway Green','1','A','1.A.A'),
('1.A.162','Vancouver Broadway Green','1','A','1.A.A'),
('1.A.163','Vancouver Broadway Green','1','A','1.A.A'),
('1.A.164','Vancouver Broadway Green','1','A','1.A.A'),
('1.A.165','Vancouver Broadway Green','1','A','1.A.A'),
('1.A.166','Vancouver Broadway Green','1','A','1.A.A'),
('1.A.167','Vancouver Broadway Green','1','A','1.A.A'),
('1.A.168','Vancouver Broadway Green','1','A','1.A.A'),
('1.A.169','Vancouver Broadway Green','1','A','1.A.C'),
('1.A.170','Vancouver Broadway Green','1','A','1.A.C'),
('1.A.171','Vancouver Broadway Green','1','A','1.A.C'),
('1.A.172','Vancouver Broadway Green','1','A','1.A.C'),
('1.A.173','Vancouver Broadway Green','1','A','1.A.A'),
('1.A.174','Vancouver Broadway Green','1','A','1.A.A'),
('1.A.175','Vancouver Broadway Green','1','A','1.A.A'),
('1.A.176','Vancouver Broadway Green','1','A','1.A.A'),
('1.A.177','Vancouver Broadway Green','1','A','1.A.A'),
('1.A.178','Vancouver Broadway Green','1','A','1.A.A'),
('1.A.179','Vancouver Broadway Green','1','A','1.A.A'),
('1.A.180','Vancouver Broadway Green','1','A','1.A.A'),
('1.A.181','Vancouver Broadway Green','1','A','1.A.A'),
('1.A.182','Vancouver Broadway Green','1','A','1.A.A'),
('1.A.183','Vancouver Broadway Green','1','A','1.A.A'),
('1.A.184','Vancouver Broadway Green','1','A','1.A.A'),
('1.A.185','Vancouver Broadway Green','1','A','1.A.C'),
('1.A.186','Vancouver Broadway Green','1','A','1.A.C'),
('1.A.187','Vancouver Broadway Green','1','A','1.A.C'),
('1.A.188','Vancouver Broadway Green','1','A','1.A.C'),
('1.A.189','Vancouver Broadway Green','1','A','1.A.A'),
('1.A.190','Vancouver Broadway Green','1','A','1.A.A'),
('1.A.191','Vancouver Broadway Green','1','A','1.A.A'),
('1.A.192','Vancouver Broadway Green','1','A','1.A.A'),
('1.A.193','Vancouver Broadway Green','1','A','1.A.A'),
('1.A.194','Vancouver Broadway Green','1','A','1.A.A'),
('1.A.195','Vancouver Broadway Green','1','A','1.A.A'),
('1.A.196','Vancouver Broadway Green','1','A','1.A.A'),
('1.B.101','Vancouver Broadway Green','1','B','1.B.B'),
('1.B.102','Vancouver Broadway Green','1','B','1.B.B'),
('1.B.103','Vancouver Broadway Green','1','B','1.B.B'),
('1.B.104','Vancouver Broadway Green','1','B','1.B.B'),
('1.B.105','Vancouver Broadway Green','1','B','1.B.B'),
('1.B.106','Vancouver Broadway Green','1','B','1.B.B'),
('1.B.107','Vancouver Broadway Green','1','B','1.B.B'),
('1.B.108','Vancouver Broadway Green','1','B','1.B.B'),
('1.B.109','Vancouver Broadway Green','1','B','1.B.B'),
('1.B.110','Vancouver Broadway Green','1','B','1.B.B'),
('1.B.111','Vancouver Broadway Green','1','B','1.B.B'),
('1.B.112','Vancouver Broadway Green','1','B','1.B.B'),
('1.B.113','Vancouver Broadway Green','1','B','1.B.B'),
('1.B.114','Vancouver Broadway Green','1','B','1.B.B'),
('1.B.115','Vancouver Broadway Green','1','B','1.B.B'),
('1.B.116','Vancouver Broadway Green','1','B','1.B.B'),
('1.B.117','Vancouver Broadway Green','1','B','1.B.B'),
('1.B.118','Vancouver Broadway Green','1','B','1.B.B'),
('1.B.119','Vancouver Broadway Green','1','B','1.B.B'),
('1.B.120','Vancouver Broadway Green','1','B','1.B.B'),
('1.B.121','Vancouver Broadway Green','1','B','1.B.A'),
('1.B.122','Vancouver Broadway Green','1','B','1.B.A'),
('1.B.123','Vancouver Broadway Green','1','B','1.B.A'),
('1.B.124','Vancouver Broadway Green','1','B','1.B.A'),
('1.B.125','Vancouver Broadway Green','1','B','1.B.A'),
('1.B.126','Vancouver Broadway Green','1','B','1.B.A'),
('1.B.127','Vancouver Broadway Green','1','B','1.B.A'),
('1.B.128','Vancouver Broadway Green','1','B','1.B.A'),
('1.B.129','Vancouver Broadway Green','1','B','1.B.A'),
('1.B.130','Vancouver Broadway Green','1','B','1.B.A'),
('1.B.131','Vancouver Broadway Green','1','B','1.B.A'),
('1.B.132','Vancouver Broadway Green','1','B','1.B.A'),
('1.B.133','Vancouver Broadway Green','1','B','1.B.C'),
('1.B.134','Vancouver Broadway Green','1','B','1.B.C'),
('1.B.135','Vancouver Broadway Green','1','B','1.B.C'),
('1.B.136','Vancouver Broadway Green','1','B','1.B.C'),
('1.B.137','Vancouver Broadway Green','1','B','1.B.C'),
('1.B.138','Vancouver Broadway Green','1','B','1.B.C'),
('1.B.139','Vancouver Broadway Green','1','B','1.B.C'),
('1.B.140','Vancouver Broadway Green','1','B','1.B.C'),
('1.B.141','Vancouver Broadway Green','1','B','1.B.C'),
('1.B.142','Vancouver Broadway Green','1','B','1.B.C'),
('1.B.143','Vancouver Broadway Green','1','B','1.B.A'),
('1.B.144','Vancouver Broadway Green','1','B','1.B.A'),
('1.B.145','Vancouver Broadway Green','1','B','1.B.A'),
('1.B.146','Vancouver Broadway Green','1','B','1.B.A'),
('1.B.147','Vancouver Broadway Green','1','B','1.B.A'),
('1.B.148','Vancouver Broadway Green','1','B','1.B.A'),
('1.B.149','Vancouver Broadway Green','1','B','1.B.A'),
('1.B.150','Vancouver Broadway Green','1','B','1.B.A'),
('1.B.151','Vancouver Broadway Green','1','B','1.B.A'),
('1.B.152','Vancouver Broadway Green','1','B','1.B.A'),
('1.B.153','Vancouver Broadway Green','1','B','1.B.A'),
('1.B.154','Vancouver Broadway Green','1','B','1.B.A'),
('2.A.101','Vancouver Broadway Green','2','A','2.A.A'),
('2.A.102','Vancouver Broadway Green','2','A','2.A.A'),
('2.A.103','Vancouver Broadway Green','2','A','2.A.A'),
('2.A.104','Vancouver Broadway Green','2','A','2.A.A'),
('2.A.105','Vancouver Broadway Green','2','A','2.A.A'),
('2.A.106','Vancouver Broadway Green','2','A','2.A.A'),
('2.A.107','Vancouver Broadway Green','2','A','2.A.A'),
('2.A.108','Vancouver Broadway Green','2','A','2.A.A'),
('2.A.109','Vancouver Broadway Green','2','A','2.A.A'),
('2.A.110','Vancouver Broadway Green','2','A','2.A.A'),
('2.A.111','Vancouver Broadway Green','2','A','2.A.A'),
('2.A.112','Vancouver Broadway Green','2','A','2.A.A'),
('2.A.113','Vancouver Broadway Green','2','A','2.A.A'),
('2.A.114','Vancouver Broadway Green','2','A','2.A.A'),
('2.A.115','Vancouver Broadway Green','2','A','2.A.A'),
('2.A.116','Vancouver Broadway Green','2','A','2.A.A'),
('2.A.117','Vancouver Broadway Green','2','A','2.A.A'),
('2.A.118','Vancouver Broadway Green','2','A','2.A.A'),
('2.A.119','Vancouver Broadway Green','2','A','2.A.A'),
('2.A.120','Vancouver Broadway Green','2','A','2.A.A'),
('2.A.121','Vancouver Broadway Green','2','A','2.A.A'),
('2.A.122','Vancouver Broadway Green','2','A','2.A.A'),
('2.A.123','Vancouver Broadway Green','2','A','2.A.A'),
('2.A.124','Vancouver Broadway Green','2','A','2.A.B'),
('2.A.125','Vancouver Broadway Green','2','A','2.A.B'),
('2.A.126','Vancouver Broadway Green','2','A','2.A.B'),
('2.A.127','Vancouver Broadway Green','2','A','2.A.B'),
('2.A.128','Vancouver Broadway Green','2','A','2.A.B'),
('2.A.129','Vancouver Broadway Green','2','A','2.A.B'),
('2.A.130','Vancouver Broadway Green','2','A','2.A.B'),
('2.A.131','Vancouver Broadway Green','2','A','2.A.B'),
('2.A.132','Vancouver Broadway Green','2','A','2.A.B'),
('2.A.133','Vancouver Broadway Green','2','A','2.A.B'),
('2.A.134','Vancouver Broadway Green','2','A','2.A.B'),
('2.A.135','Vancouver Broadway Green','2','A','2.A.B'),
('2.A.136','Vancouver Broadway Green','2','A','2.A.B'),
('2.A.137','Vancouver Broadway Green','2','A','2.A.B'),
('2.A.138','Vancouver Broadway Green','2','A','2.A.B'),
('2.A.139','Vancouver Broadway Green','2','A','2.A.B'),
('2.A.140','Vancouver Broadway Green','2','A','2.A.B'),
('2.A.141','Vancouver Broadway Green','2','A','2.A.B'),
('2.A.142','Vancouver Broadway Green','2','A','2.A.B'),
('2.A.143','Vancouver Broadway Green','2','A','2.A.B'),
('2.A.144','Vancouver Broadway Green','2','A','2.A.B'),
('2.A.145','Vancouver Broadway Green','2','A','2.A.B'),
('2.A.146','Vancouver Broadway Green','2','A','2.A.B'),
('2.A.147','Vancouver Broadway Green','2','A','2.A.B'),
('2.A.148','Vancouver Broadway Green','2','A','2.A.B'),
('2.A.149','Vancouver Broadway Green','2','A','2.A.B'),
('2.A.150','Vancouver Broadway Green','2','A','2.A.B'),
('2.A.151','Vancouver Broadway Green','2','A','2.A.B'),
('2.A.152','Vancouver Broadway Green','2','A','2.A.B'),
('2.A.153','Vancouver Broadway Green','2','A','2.A.B'),
('2.A.154','Vancouver Broadway Green','2','A','2.A.B'),
('2.A.155','Vancouver Broadway Green','2','A','2.A.B'),
('2.A.156','Vancouver Broadway Green','2','A','2.A.B'),
('2.A.157','Vancouver Broadway Green','2','A','2.A.B'),
('2.A.158','Vancouver Broadway Green','2','A','2.A.B'),
('2.A.159','Vancouver Broadway Green','2','A','2.A.B'),
('2.A.160','Vancouver Broadway Green','2','A','2.A.B'),
('2.A.161','Vancouver Broadway Green','2','A','2.A.B'),
('2.A.162','Vancouver Broadway Green','2','A','2.A.B'),
('2.A.163','Vancouver Broadway Green','2','A','2.A.B'),
('2.A.164','Vancouver Broadway Green','2','A','2.A.B'),
('2.A.165','Vancouver Broadway Green','2','A','2.A.B'),
('2.A.166','Vancouver Broadway Green','2','A','2.A.C'),
('2.A.167','Vancouver Broadway Green','2','A','2.A.C'),
('2.A.168','Vancouver Broadway Green','2','A','2.A.C'),
('2.A.169','Vancouver Broadway Green','2','A','2.A.C'),
('2.A.170','Vancouver Broadway Green','2','A','2.A.C'),
('2.A.171','Vancouver Broadway Green','2','A','2.A.C'),
('2.A.172','Vancouver Broadway Green','2','A','2.A.C'),
('2.A.173','Vancouver Broadway Green','2','A','2.A.C'),
('2.A.174','Vancouver Broadway Green','2','A','2.A.C'),
('2.A.175','Vancouver Broadway Green','2','A','2.A.C'),
('2.A.176','Vancouver Broadway Green','2','A','2.A.C'),
('2.A.177','Vancouver Broadway Green','2','A','2.A.C'),
('2.A.178','Vancouver Broadway Green','2','A','2.A.C'),
('2.A.179','Vancouver Broadway Green','2','A','2.A.C'),
('2.A.180','Vancouver Broadway Green','2','A','2.A.C'),
('2.A.181','Vancouver Broadway Green','2','A','2.A.C'),
('2.A.182','Vancouver Broadway Green','2','A','2.A.C'),
('2.A.183','Vancouver Broadway Green','2','A','2.A.C'),
('2.A.184','Vancouver Broadway Green','2','A','2.A.C'),
('2.A.185','Vancouver Broadway Green','2','A','2.A.C'),
('2.A.186','Vancouver Broadway Green','2','A','2.A.C'),
('2.A.187','Vancouver Broadway Green','2','A','2.A.C'),
('2.A.188','Vancouver Broadway Green','2','A','2.A.C'),
('2.A.189','Vancouver Broadway Green','2','A','2.A.C'),
('2.A.190','Vancouver Broadway Green','2','A','2.A.C'),
('2.A.191','Vancouver Broadway Green','2','A','2.A.C'),
('2.A.192','Vancouver Broadway Green','2','A','2.A.C'),
('2.A.193','Vancouver Broadway Green','2','A','2.A.C'),
('2.A.194','Vancouver Broadway Green','2','A','2.A.C'),
('2.A.195','Vancouver Broadway Green','2','A','2.A.C'),
('2.A.196','Vancouver Broadway Green','2','A','2.A.C'),
('2.A.197','Vancouver Broadway Green','2','A','2.A.C'),
('2.A.198','Vancouver Broadway Green','2','A','2.A.D'),
('2.A.199','Vancouver Broadway Green','2','A','2.A.D'),
('2.A.200','Vancouver Broadway Green','2','A','2.A.D'),
('2.A.201','Vancouver Broadway Green','2','A','2.A.D'),
('2.A.202','Vancouver Broadway Green','2','A','2.A.D'),
('2.A.203','Vancouver Broadway Green','2','A','2.A.D'),
('2.A.204','Vancouver Broadway Green','2','A','2.A.D'),
('2.A.205','Vancouver Broadway Green','2','A','2.A.D'),
('2.A.206','Vancouver Broadway Green','2','A','2.A.D'),
('2.A.207','Vancouver Broadway Green','2','A','2.A.D'),
('2.A.208','Vancouver Broadway Green','2','A','2.A.D'),
('2.A.209','Vancouver Broadway Green','2','A','2.A.D'),
('2.A.210','Vancouver Broadway Green','2','A','2.A.D'),
('2.A.211','Vancouver Broadway Green','2','A','2.A.D'),
('2.A.212','Vancouver Broadway Green','2','A','2.A.D'),
('2.A.213','Vancouver Broadway Green','2','A','2.A.D'),
('2.A.214','Vancouver Broadway Green','2','A','2.A.D'),
('2.A.215','Vancouver Broadway Green','2','A','2.A.D'),
('2.A.216','Vancouver Broadway Green','2','A','2.A.D'),
('2.A.217','Vancouver Broadway Green','2','A','2.A.D'),
('2.A.218','Vancouver Broadway Green','2','A','2.A.D'),
('2.A.219','Vancouver Broadway Green','2','A','2.A.D'),
('2.A.220','Vancouver Broadway Green','2','A','2.A.D'),
('2.A.221','Vancouver Broadway Green','2','A','2.A.D'),
('2.A.222','Vancouver Broadway Green','2','A','2.A.D'),
('2.A.223','Vancouver Broadway Green','2','A','2.A.D'),
('2.A.224','Vancouver Broadway Green','2','A','2.A.D'),
('2.A.225','Vancouver Broadway Green','2','A','2.A.D'),
('2.A.226','Vancouver Broadway Green','2','A','2.A.D'),
('2.A.227','Vancouver Broadway Green','2','A','2.A.D'),
('2.A.228','Vancouver Broadway Green','2','A','2.A.D'),
('2.A.229','Vancouver Broadway Green','2','A','2.A.D'),
('2.A.230','Vancouver Broadway Green','2','A','2.A.D'),
('2.A.231','Vancouver Broadway Green','2','A','2.A.D'),
('2.A.232','Vancouver Broadway Green','2','A','2.A.D'),
('2.A.233','Vancouver Broadway Green','2','A','2.A.D'),
('2.A.234','Vancouver Broadway Green','2','A','2.A.D'),
('2.A.235','Vancouver Broadway Green','2','A','2.A.D'),
('2.A.236','Vancouver Broadway Green','2','A','2.A.D'),
('2.A.237','Vancouver Broadway Green','2','A','2.A.D'),
('2.A.238','Vancouver Broadway Green','2','A','2.A.D'),
('2.A.239','Vancouver Broadway Green','2','A','2.A.D'),
('2.A.240','Vancouver Broadway Green','2','A','2.A.D'),
('2.A.241','Vancouver Broadway Green','2','A','2.A.D'),
('2.A.242','Vancouver Broadway Green','2','A','2.A.D'),
('2.A.243','Vancouver Broadway Green','2','A','2.A.D'),
('2.A.244','Vancouver Broadway Green','2','A','2.A.D'),
('2.A.245','Vancouver Broadway Green','2','A','2.A.D'),
('2.A.246','Vancouver Broadway Green','2','A','2.A.D'),
('2.A.247','Vancouver Broadway Green','2','A','2.A.D'),
('2.A.248','Vancouver Broadway Green','2','A','2.A.D'),
('2.A.249','Vancouver Broadway Green','2','A','2.A.D'),
('2.A.250','Vancouver Broadway Green','2','A','2.A.D'),
('2.A.251','Vancouver Broadway Green','2','A','2.A.D'),
('2.A.252','Vancouver Broadway Green','2','A','2.A.D'),
('2.A.253','Vancouver Broadway Green','2','A','2.A.D'),
('2.A.254','Vancouver Broadway Green','2','A','2.A.D'),
('2.A.255','Vancouver Broadway Green','2','A','2.A.D'),
('2.A.256','Vancouver Broadway Green','2','A','2.A.E'),
('2.A.257','Vancouver Broadway Green','2','A','2.A.E'),
('2.A.258','Vancouver Broadway Green','2','A','2.A.E'),
('2.A.259','Vancouver Broadway Green','2','A','2.A.E'),
('2.A.260','Vancouver Broadway Green','2','A','2.A.E'),
('2.A.261','Vancouver Broadway Green','2','A','2.A.E'),
('2.A.262','Vancouver Broadway Green','2','A','2.A.E'),
('2.A.263','Vancouver Broadway Green','2','A','2.A.E'),
('2.A.264','Vancouver Broadway Green','2','A','2.A.E'),
('2.A.265','Vancouver Broadway Green','2','A','2.A.E'),
('2.A.266','Vancouver Broadway Green','2','A','2.A.E'),
('2.A.267','Vancouver Broadway Green','2','A','2.A.E'),
('2.A.268','Vancouver Broadway Green','2','A','2.A.E'),
('2.A.269','Vancouver Broadway Green','2','A','2.A.E'),
('2.A.270','Vancouver Broadway Green','2','A','2.A.E'),
('2.A.271','Vancouver Broadway Green','2','A','2.A.E'),
('2.A.272','Vancouver Broadway Green','2','A','2.A.E'),
('2.A.273','Vancouver Broadway Green','2','A','2.A.E'),
('2.A.274','Vancouver Broadway Green','2','A','2.A.E'),
('2.A.275','Vancouver Broadway Green','2','A','2.A.E'),
('2.A.276','Vancouver Broadway Green','2','A','2.A.E'),
('2.A.277','Vancouver Broadway Green','2','A','2.A.E'),
('2.A.278','Vancouver Broadway Green','2','A','2.A.E'),
('2.A.279','Vancouver Broadway Green','2','A','2.A.E'),
('2.A.280','Vancouver Broadway Green','2','A','2.A.E'),
('2.A.281','Vancouver Broadway Green','2','A','2.A.E'),
('2.A.282','Vancouver Broadway Green','2','A','2.A.E'),
('2.A.283','Vancouver Broadway Green','2','A','2.A.E'),
('2.A.284','Vancouver Broadway Green','2','A','2.A.E'),
('2.A.285','Vancouver Broadway Green','2','A','2.A.E'),
('2.A.286','Vancouver Broadway Green','2','A','2.A.F'),
('2.A.287','Vancouver Broadway Green','2','A','2.A.F'),
('2.A.288','Vancouver Broadway Green','2','A','2.A.F'),
('2.A.289','Vancouver Broadway Green','2','A','2.A.F'),
('2.A.290','Vancouver Broadway Green','2','A','2.A.F'),
('2.A.291','Vancouver Broadway Green','2','A','2.A.F'),
('2.A.292','Vancouver Broadway Green','2','A','2.A.F'),
('2.A.293','Vancouver Broadway Green','2','A','2.A.F'),
('2.A.294','Vancouver Broadway Green','2','A','2.A.F'),
('2.A.295','Vancouver Broadway Green','2','A','2.A.F'),
('2.A.296','Vancouver Broadway Green','2','A','2.A.F'),
('2.A.297','Vancouver Broadway Green','2','A','2.A.F'),
('2.A.298','Vancouver Broadway Green','2','A','2.A.F'),
('2.A.299','Vancouver Broadway Green','2','A','2.A.F'),
('2.A.300','Vancouver Broadway Green','2','A','2.A.F'),
('2.A.301','Vancouver Broadway Green','2','A','2.A.F'),
('2.A.302','Vancouver Broadway Green','2','A','2.A.F'),
('2.A.303','Vancouver Broadway Green','2','A','2.A.F'),
('2.A.304','Vancouver Broadway Green','2','A','2.A.F'),
('2.A.305','Vancouver Broadway Green','2','A','2.A.F'),
('2.A.306','Vancouver Broadway Green','2','A','2.A.F'),
('2.A.307','Vancouver Broadway Green','2','A','2.A.F'),
('2.A.308','Vancouver Broadway Green','2','A','2.A.F'),
('2.A.309','Vancouver Broadway Green','2','A','2.A.F'),
('2.A.310','Vancouver Broadway Green','2','A','2.A.F'),
('2.A.311','Vancouver Broadway Green','2','A','2.A.F'),
('2.A.312','Vancouver Broadway Green','2','A','2.A.F'),
('2.A.313','Vancouver Broadway Green','2','A','2.A.F'),
('2.A.314','Vancouver Broadway Green','2','A','2.A.F'),
('2.A.315','Vancouver Broadway Green','2','A','2.A.F'),
('2.A.316','Vancouver Broadway Green','2','A','2.A.F'),
('2.A.317','Vancouver Broadway Green','2','A','2.A.F'),
('2.A.318','Vancouver Broadway Green','2','A','2.A.F'),
('2.A.319','Vancouver Broadway Green','2','A','2.A.F'),
('2.A.320','Vancouver Broadway Green','2','A','2.A.F'),
('2.A.321','Vancouver Broadway Green','2','A','2.A.F'),
('2.A.322','Vancouver Broadway Green','2','A','2.A.F'),
('2.A.323','Vancouver Broadway Green','2','A','2.A.F'),
('2.A.324','Vancouver Broadway Green','2','A','2.A.G'),
('2.A.325','Vancouver Broadway Green','2','A','2.A.G'),
('2.A.326','Vancouver Broadway Green','2','A','2.A.G'),
('2.A.327','Vancouver Broadway Green','2','A','2.A.G'),
('2.A.328','Vancouver Broadway Green','2','A','2.A.G'),
('2.A.329','Vancouver Broadway Green','2','A','2.A.G'),
('2.A.330','Vancouver Broadway Green','2','A','2.A.G'),
('2.A.331','Vancouver Broadway Green','2','A','2.A.G'),
('2.A.332','Vancouver Broadway Green','2','A','2.A.G'),
('2.A.333','Vancouver Broadway Green','2','A','2.A.G'),
('2.A.334','Vancouver Broadway Green','2','A','2.A.G'),
('2.A.335','Vancouver Broadway Green','2','A','2.A.G'),
('2.A.336','Vancouver Broadway Green','2','A','2.A.G'),
('2.A.337','Vancouver Broadway Green','2','A','2.A.G'),
('2.A.338','Vancouver Broadway Green','2','A','2.A.G'),
('2.A.339','Vancouver Broadway Green','2','A','2.A.G'),
('2.A.340','Vancouver Broadway Green','2','A','2.A.G'),
('2.A.341','Vancouver Broadway Green','2','A','2.A.G'),
('2.A.342','Vancouver Broadway Green','2','A','2.A.G'),
('2.A.343','Vancouver Broadway Green','2','A','2.A.G'),
('2.A.344','Vancouver Broadway Green','2','A','2.A.G'),
('2.A.345','Vancouver Broadway Green','2','A','2.A.G'),
('2.A.346','Vancouver Broadway Green','2','A','2.A.G'),
('2.A.347','Vancouver Broadway Green','2','A','2.A.G'),
('2.A.348','Vancouver Broadway Green','2','A','2.A.G'),
('2.A.349','Vancouver Broadway Green','2','A','2.A.G'),
('2.A.350','Vancouver Broadway Green','2','A','2.A.G'),
('2.A.351','Vancouver Broadway Green','2','A','2.A.G'),
('2.A.352','Vancouver Broadway Green','2','A','2.A.G'),
('2.A.353','Vancouver Broadway Green','2','A','2.A.G'),
('2.A.354','Vancouver Broadway Green','2','A','2.A.G'),
('2.A.355','Vancouver Broadway Green','2','A','2.A.G'),
('2.A.356','Vancouver Broadway Green','2','A','2.A.G'),
('2.A.357','Vancouver Broadway Green','2','A','2.A.G'),
('2.A.358','Vancouver Broadway Green','2','A','2.A.G'),
('2.A.359','Vancouver Broadway Green','2','A','2.A.G'),
('2.A.360','Vancouver Broadway Green','2','A','2.A.G'),
('2.A.361','Vancouver Broadway Green','2','A','2.A.G'),
('2.A.362','Vancouver Broadway Green','2','A','2.A.G'),
('2.A.363','Vancouver Broadway Green','2','A','2.A.G'),
('2.A.364','Vancouver Broadway Green','2','A','2.A.G'),
('2.B.101','Vancouver Broadway Green','2','B','2.B.A'),
('2.B.102','Vancouver Broadway Green','2','B','2.B.A'),
('2.B.103','Vancouver Broadway Green','2','B','2.B.A'),
('2.B.104','Vancouver Broadway Green','2','B','2.B.A'),
('2.B.105','Vancouver Broadway Green','2','B','2.B.A'),
('2.B.106','Vancouver Broadway Green','2','B','2.B.A'),
('2.B.107','Vancouver Broadway Green','2','B','2.B.A'),
('2.B.108','Vancouver Broadway Green','2','B','2.B.A'),
('2.B.109','Vancouver Broadway Green','2','B','2.B.A'),
('2.B.110','Vancouver Broadway Green','2','B','2.B.A'),
('2.B.111','Vancouver Broadway Green','2','B','2.B.A'),
('2.B.112','Vancouver Broadway Green','2','B','2.B.A'),
('2.B.113','Vancouver Broadway Green','2','B','2.B.A'),
('2.B.114','Vancouver Broadway Green','2','B','2.B.A'),
('2.B.115','Vancouver Broadway Green','2','B','2.B.A'),
('2.B.116','Vancouver Broadway Green','2','B','2.B.A'),
('2.B.117','Vancouver Broadway Green','2','B','2.B.A'),
('2.B.118','Vancouver Broadway Green','2','B','2.B.A'),
('2.B.119','Vancouver Broadway Green','2','B','2.B.A'),
('2.B.120','Vancouver Broadway Green','2','B','2.B.A'),
('2.B.121','Vancouver Broadway Green','2','B','2.B.A'),
('2.B.122','Vancouver Broadway Green','2','B','2.B.A'),
('2.B.123','Vancouver Broadway Green','2','B','2.B.A'),
('2.B.124','Vancouver Broadway Green','2','B','2.B.A'),
('2.B.125','Vancouver Broadway Green','2','B','2.B.A'),
('2.B.126','Vancouver Broadway Green','2','B','2.B.A'),
('2.B.127','Vancouver Broadway Green','2','B','2.B.A'),
('2.B.128','Vancouver Broadway Green','2','B','2.B.A'),
('2.B.129','Vancouver Broadway Green','2','B','2.B.A'),
('2.B.130','Vancouver Broadway Green','2','B','2.B.A'),
('2.B.131','Vancouver Broadway Green','2','B','2.B.A'),
('2.B.132','Vancouver Broadway Green','2','B','2.B.A'),
('2.B.133','Vancouver Broadway Green','2','B','2.B.A'),
('2.B.134','Vancouver Broadway Green','2','B','2.B.A'),
('2.B.135','Vancouver Broadway Green','2','B','2.B.A'),
('2.B.136','Vancouver Broadway Green','2','B','2.B.A'),
('2.B.137','Vancouver Broadway Green','2','B','2.B.A'),
('2.B.138','Vancouver Broadway Green','2','B','2.B.A'),
('2.B.139','Vancouver Broadway Green','2','B','2.B.A'),
('2.B.140','Vancouver Broadway Green','2','B','2.B.A'),
('2.B.141','Vancouver Broadway Green','2','B','2.B.A'),
('2.B.142','Vancouver Broadway Green','2','B','2.B.A'),
('2.B.143','Vancouver Broadway Green','2','B','2.B.A'),
('2.B.144','Vancouver Broadway Green','2','B','2.B.A'),
('2.B.145','Vancouver Broadway Green','2','B','2.B.B'),
('2.B.146','Vancouver Broadway Green','2','B','2.B.B'),
('2.B.147','Vancouver Broadway Green','2','B','2.B.B'),
('2.B.148','Vancouver Broadway Green','2','B','2.B.B'),
('2.B.149','Vancouver Broadway Green','2','B','2.B.B'),
('2.B.150','Vancouver Broadway Green','2','B','2.B.B'),
('2.B.153','Vancouver Broadway Green','2','B','2.B.B'),
('2.B.154','Vancouver Broadway Green','2','B','2.B.B'),
('2.B.155','Vancouver Broadway Green','2','B','2.B.B'),
('2.B.156','Vancouver Broadway Green','2','B','2.B.B'),
('2.B.157','Vancouver Broadway Green','2','B','2.B.B'),
('2.B.158','Vancouver Broadway Green','2','B','2.B.B'),
('2.B.159','Vancouver Broadway Green','2','B','2.B.B'),
('2.B.160','Vancouver Broadway Green','2','B','2.B.B'),
('2.B.161','Vancouver Broadway Green','2','B','2.B.B'),
('2.B.162','Vancouver Broadway Green','2','B','2.B.B'),
('2.B.163','Vancouver Broadway Green','2','B','2.B.B'),
('2.B.164','Vancouver Broadway Green','2','B','2.B.B'),
('2.B.165','Vancouver Broadway Green','2','B','2.B.B'),
('2.B.166','Vancouver Broadway Green','2','B','2.B.B'),
('2.B.167','Vancouver Broadway Green','2','B','2.B.B'),
('2.B.168','Vancouver Broadway Green','2','B','2.B.B'),
('2.B.169','Vancouver Broadway Green','2','B','2.B.C'),
('2.B.170','Vancouver Broadway Green','2','B','2.B.C'),
('2.B.171','Vancouver Broadway Green','2','B','2.B.C'),
('2.B.172','Vancouver Broadway Green','2','B','2.B.C'),
('2.B.173','Vancouver Broadway Green','2','B','2.B.C'),
('2.B.174','Vancouver Broadway Green','2','B','2.B.C'),
('2.B.175','Vancouver Broadway Green','2','B','2.B.C'),
('2.B.176','Vancouver Broadway Green','2','B','2.B.C'),
('2.B.177','Vancouver Broadway Green','2','B','2.B.C'),
('2.B.178','Vancouver Broadway Green','2','B','2.B.C'),
('2.B.179','Vancouver Broadway Green','2','B','2.B.C'),
('2.B.180','Vancouver Broadway Green','2','B','2.B.C'),
('2.B.181','Vancouver Broadway Green','2','B','2.B.C'),
('2.B.182','Vancouver Broadway Green','2','B','2.B.C'),
('2.B.183','Vancouver Broadway Green','2','B','2.B.C'),
('2.B.184','Vancouver Broadway Green','2','B','2.B.C'),
('2.B.185','Vancouver Broadway Green','2','B','2.B.C'),
('2.B.186','Vancouver Broadway Green','2','B','2.B.C'),
('2.B.187','Vancouver Broadway Green','2','B','2.B.C'),
('2.B.188','Vancouver Broadway Green','2','B','2.B.C'),
('2.B.189','Vancouver Broadway Green','2','B','2.B.C'),
('2.B.190','Vancouver Broadway Green','2','B','2.B.C'),
('2.B.191','Vancouver Broadway Green','2','B','2.B.C'),
('2.B.192','Vancouver Broadway Green','2','B','2.B.C'),
('2.B.193','Vancouver Broadway Green','2','B','2.B.C'),
('2.B.194','Vancouver Broadway Green','2','B','2.B.C'),
('2.B.195','Vancouver Broadway Green','2','B','2.B.C'),
('2.B.196','Vancouver Broadway Green','2','B','2.B.C'),
('2.B.197','Vancouver Broadway Green','2','B','2.B.C'),
('2.B.198','Vancouver Broadway Green','2','B','2.B.C'),
('2.B.199','Vancouver Broadway Green','2','B','2.B.C'),
('2.B.200','Vancouver Broadway Green','2','B','2.B.C'),
('2.B.201','Vancouver Broadway Green','2','B','2.B.C'),
('2.B.202','Vancouver Broadway Green','2','B','2.B.C'),
('2.B.203','Vancouver Broadway Green','2','B','2.B.C'),
('2.B.204','Vancouver Broadway Green','2','B','2.B.C'),
('2.B.205','Vancouver Broadway Green','2','B','2.B.C'),
('2.B.206','Vancouver Broadway Green','2','B','2.B.C'),
('2.B.207','Vancouver Broadway Green','2','B','2.B.C'),
('2.B.208','Vancouver Broadway Green','2','B','2.B.C'),
('2.B.209','Vancouver Broadway Green','2','B','2.B.C'),
('2.B.210','Vancouver Broadway Green','2','B','2.B.C'),
('2.B.211','Vancouver Broadway Green','2','B','2.B.C'),
('2.B.212','Vancouver Broadway Green','2','B','2.B.C'),
('2.B.215','Vancouver Broadway Green','2','B','2.B.D'),
('2.B.216','Vancouver Broadway Green','2','B','2.B.D'),
('2.B.217','Vancouver Broadway Green','2','B','2.B.D'),
('2.B.218','Vancouver Broadway Green','2','B','2.B.D'),
('2.B.219','Vancouver Broadway Green','2','B','2.B.D'),
('2.B.220','Vancouver Broadway Green','2','B','2.B.D'),
('2.B.221','Vancouver Broadway Green','2','B','2.B.D'),
('2.B.222','Vancouver Broadway Green','2','B','2.B.D'),
('2.B.223','Vancouver Broadway Green','2','B','2.B.D'),
('2.B.224','Vancouver Broadway Green','2','B','2.B.D'),
('2.B.225','Vancouver Broadway Green','2','B','2.B.D'),
('2.B.226','Vancouver Broadway Green','2','B','2.B.D'),
('2.B.227','Vancouver Broadway Green','2','B','2.B.D'),
('2.B.228','Vancouver Broadway Green','2','B','2.B.D'),
('2.B.229','Vancouver Broadway Green','2','B','2.B.D'),
('2.B.230','Vancouver Broadway Green','2','B','2.B.D'),
('2.B.231','Vancouver Broadway Green','2','B','2.B.D'),
('2.B.232','Vancouver Broadway Green','2','B','2.B.D'),
('2.B.233','Vancouver Broadway Green','2','B','2.B.D'),
('2.B.234','Vancouver Broadway Green','2','B','2.B.D'),
('2.B.235','Vancouver Broadway Green','2','B','2.B.D'),
('2.B.236','Vancouver Broadway Green','2','B','2.B.D'),
('2.B.237','Vancouver Broadway Green','2','B','2.B.D'),
('2.B.238','Vancouver Broadway Green','2','B','2.B.D'),
('2.B.239','Vancouver Broadway Green','2','B','2.B.D'),
('2.B.240','Vancouver Broadway Green','2','B','2.B.D'),
('2.B.241','Vancouver Broadway Green','2','B','2.B.D'),
('2.B.242','Vancouver Broadway Green','2','B','2.B.D'),
('2.B.243','Vancouver Broadway Green','2','B','2.B.E'),
('2.B.244','Vancouver Broadway Green','2','B','2.B.E'),
('2.B.245','Vancouver Broadway Green','2','B','2.B.E'),
('2.B.246','Vancouver Broadway Green','2','B','2.B.E'),
('2.B.247','Vancouver Broadway Green','2','B','2.B.E'),
('2.B.248','Vancouver Broadway Green','2','B','2.B.E'),
('2.B.249','Vancouver Broadway Green','2','B','2.B.E'),
('2.B.250','Vancouver Broadway Green','2','B','2.B.E'),
('2.B.251','Vancouver Broadway Green','2','B','2.B.E'),
('2.B.252','Vancouver Broadway Green','2','B','2.B.E'),
('2.B.253','Vancouver Broadway Green','2','B','2.B.E'),
('2.B.254','Vancouver Broadway Green','2','B','2.B.E'),
('2.B.255','Vancouver Broadway Green','2','B','2.B.E'),
('2.B.256','Vancouver Broadway Green','2','B','2.B.E'),
('2.B.257','Vancouver Broadway Green','2','B','2.B.E'),
('2.B.258','Vancouver Broadway Green','2','B','2.B.E'),
('2.B.259','Vancouver Broadway Green','2','B','2.B.E'),
('2.B.260','Vancouver Broadway Green','2','B','2.B.E'),
('2.B.261','Vancouver Broadway Green','2','B','2.B.E'),
('2.B.262','Vancouver Broadway Green','2','B','2.B.E'),
('2.B.263','Vancouver Broadway Green','2','B','2.B.E'),
('2.B.264','Vancouver Broadway Green','2','B','2.B.E'),
('2.B.265','Vancouver Broadway Green','2','B','2.B.E'),
('2.B.266','Vancouver Broadway Green','2','B','2.B.E'),
('2.B.267','Vancouver Broadway Green','2','B','2.B.E'),
('2.B.268','Vancouver Broadway Green','2','B','2.B.E'),
('2.B.269','Vancouver Broadway Green','2','B','2.B.F'),
('2.B.270','Vancouver Broadway Green','2','B','2.B.F'),
('2.B.271','Vancouver Broadway Green','2','B','2.B.F'),
('2.B.272','Vancouver Broadway Green','2','B','2.B.F'),
('2.B.273','Vancouver Broadway Green','2','B','2.B.F'),
('2.B.274','Vancouver Broadway Green','2','B','2.B.F'),
('2.B.275','Vancouver Broadway Green','2','B','2.B.F'),
('2.B.276','Vancouver Broadway Green','2','B','2.B.F'),
('2.B.277','Vancouver Broadway Green','2','B','2.B.F'),
('2.B.278','Vancouver Broadway Green','2','B','2.B.F'),
('2.B.279','Vancouver Broadway Green','2','B','2.B.F'),
('2.B.280','Vancouver Broadway Green','2','B','2.B.F'),
('2.B.281','Vancouver Broadway Green','2','B','2.B.F'),
('2.B.282','Vancouver Broadway Green','2','B','2.B.F'),
('2.B.283','Vancouver Broadway Green','2','B','2.B.F'),
('2.B.284','Vancouver Broadway Green','2','B','2.B.F'),
('2.B.285','Vancouver Broadway Green','2','B','2.B.F'),
('2.B.286','Vancouver Broadway Green','2','B','2.B.F'),
('2.B.287','Vancouver Broadway Green','2','B','2.B.F'),
('2.B.288','Vancouver Broadway Green','2','B','2.B.F'),
('2.B.289','Vancouver Broadway Green','2','B','2.B.F'),
('2.B.290','Vancouver Broadway Green','2','B','2.B.F'),
('2.B.291','Vancouver Broadway Green','2','B','2.B.F'),
('2.B.292','Vancouver Broadway Green','2','B','2.B.F'),
('2.B.293','Vancouver Broadway Green','2','B','2.B.F'),
('2.B.294','Vancouver Broadway Green','2','B','2.B.F'),
('2.B.295','Vancouver Broadway Green','2','B','2.B.F'),
('2.B.296','Vancouver Broadway Green','2','B','2.B.F'),
('2.B.297','Vancouver Broadway Green','2','B','2.B.G'),
('2.B.298','Vancouver Broadway Green','2','B','2.B.G'),
('2.B.299','Vancouver Broadway Green','2','B','2.B.G'),
('2.B.300','Vancouver Broadway Green','2','B','2.B.G'),
('2.B.301','Vancouver Broadway Green','2','B','2.B.G'),
('2.B.302','Vancouver Broadway Green','2','B','2.B.G'),
('2.B.303','Vancouver Broadway Green','2','B','2.B.G'),
('2.B.304','Vancouver Broadway Green','2','B','2.B.G'),
('2.B.305','Vancouver Broadway Green','2','B','2.B.H'),
('2.B.306','Vancouver Broadway Green','2','B','2.B.H'),
('2.B.307','Vancouver Broadway Green','2','B','2.B.H'),
('2.B.308','Vancouver Broadway Green','2','B','2.B.H'),
('2.B.309','Vancouver Broadway Green','2','B','2.B.H'),
('2.B.310','Vancouver Broadway Green','2','B','2.B.H'),
('2.B.311','Vancouver Broadway Green','2','B','2.B.H'),
('2.B.312','Vancouver Broadway Green','2','B','2.B.H'),
('2.B.313','Vancouver Broadway Green','2','B','2.B.H'),
('2.B.314','Vancouver Broadway Green','2','B','2.B.H'),
('2.B.315','Vancouver Broadway Green','2','B','2.B.H'),
('2.B.316','Vancouver Broadway Green','2','B','2.B.H'),
('2.B.317','Vancouver Broadway Green','2','B','2.B.H'),
('2.B.318','Vancouver Broadway Green','2','B','2.B.H'),
('2.B.319','Vancouver Broadway Green','2','B','2.B.H'),
('2.B.320','Vancouver Broadway Green','2','B','2.B.H'),
('2.B.321','Vancouver Broadway Green','2','B','2.B.H'),
('2.B.322','Vancouver Broadway Green','2','B','2.B.H'),
('2.B.323','Vancouver Broadway Green','2','B','2.B.H'),
('2.B.324','Vancouver Broadway Green','2','B','2.B.H'),
('2.B.325','Vancouver Broadway Green','2','B','2.B.H'),
('2.B.326','Vancouver Broadway Green','2','B','2.B.H'),
('2.B.327','Vancouver Broadway Green','2','B','2.B.H'),
('2.B.328','Vancouver Broadway Green','2','B','2.B.H'),
('2.B.329','Vancouver Broadway Green','2','B','2.B.H'),
('2.B.330','Vancouver Broadway Green','2','B','2.B.H'),
('3.A.101','Vancouver Broadway Green','3','A','3.A.A'),
('3.A.102','Vancouver Broadway Green','3','A','3.A.A'),
('3.A.103','Vancouver Broadway Green','3','A','3.A.A'),
('3.A.104','Vancouver Broadway Green','3','A','3.A.A'),
('3.A.105','Vancouver Broadway Green','3','A','3.A.A'),
('3.A.106','Vancouver Broadway Green','3','A','3.A.A'),
('3.A.107','Vancouver Broadway Green','3','A','3.A.A'),
('3.A.108','Vancouver Broadway Green','3','A','3.A.A'),
('3.A.109','Vancouver Broadway Green','3','A','3.A.A'),
('3.A.110','Vancouver Broadway Green','3','A','3.A.A'),
('3.A.111','Vancouver Broadway Green','3','A','3.A.A'),
('3.A.112','Vancouver Broadway Green','3','A','3.A.A'),
('3.A.113','Vancouver Broadway Green','3','A','3.A.A'),
('3.A.114','Vancouver Broadway Green','3','A','3.A.A'),
('3.A.115','Vancouver Broadway Green','3','A','3.A.A'),
('3.A.116','Vancouver Broadway Green','3','A','3.A.A'),
('3.A.117','Vancouver Broadway Green','3','A','3.A.A'),
('3.A.118','Vancouver Broadway Green','3','A','3.A.A'),
('3.A.119','Vancouver Broadway Green','3','A','3.A.A'),
('3.A.120','Vancouver Broadway Green','3','A','3.A.A'),
('3.A.122','Vancouver Broadway Green','3','A','3.A.A'),
('3.A.123','Vancouver Broadway Green','3','A','3.A.A'),
('3.A.124','Vancouver Broadway Green','3','A','3.A.A'),
('3.A.125','Vancouver Broadway Green','3','A','3.A.A'),
('3.A.126','Vancouver Broadway Green','3','A','3.A.A'),
('3.A.129','Vancouver Broadway Green','3','A','3.A.A'),
('3.A.130','Vancouver Broadway Green','3','A','3.A.A'),
('3.A.131','Vancouver Broadway Green','3','A','3.A.A'),
('3.A.132','Vancouver Broadway Green','3','A','3.A.A'),
('3.A.134','Vancouver Broadway Green','3','A','3.A.A'),
('3.A.135','Vancouver Broadway Green','3','A','3.A.A'),
('3.A.136','Vancouver Broadway Green','3','A','3.A.A'),
('3.A.137','Vancouver Broadway Green','3','A','3.A.A'),
('3.A.138','Vancouver Broadway Green','3','A','3.A.A'),
('3.A.141','Vancouver Broadway Green','3','A','3.A.B'),
('3.A.142','Vancouver Broadway Green','3','A','3.A.B'),
('3.A.143','Vancouver Broadway Green','3','A','3.A.B'),
('3.A.144','Vancouver Broadway Green','3','A','3.A.B'),
('3.A.145','Vancouver Broadway Green','3','A','3.A.B'),
('3.A.146','Vancouver Broadway Green','3','A','3.A.B'),
('3.A.147','Vancouver Broadway Green','3','A','3.A.B'),
('3.A.148','Vancouver Broadway Green','3','A','3.A.B'),
('3.A.149','Vancouver Broadway Green','3','A','3.A.B'),
('3.A.150','Vancouver Broadway Green','3','A','3.A.B'),
('3.A.151','Vancouver Broadway Green','3','A','3.A.B'),
('3.A.152','Vancouver Broadway Green','3','A','3.A.B'),
('3.A.153','Vancouver Broadway Green','3','A','3.A.B'),
('3.A.154','Vancouver Broadway Green','3','A','3.A.B'),
('3.A.155','Vancouver Broadway Green','3','A','3.A.B'),
('3.A.156','Vancouver Broadway Green','3','A','3.A.B'),
('3.A.157','Vancouver Broadway Green','3','A','3.A.B'),
('3.A.158','Vancouver Broadway Green','3','A','3.A.B'),
('3.A.159','Vancouver Broadway Green','3','A','3.A.B'),
('3.A.160','Vancouver Broadway Green','3','A','3.A.B'),
('3.A.161','Vancouver Broadway Green','3','A','3.A.B'),
('3.A.162','Vancouver Broadway Green','3','A','3.A.B'),
('3.A.163','Vancouver Broadway Green','3','A','3.A.B'),
('3.A.164','Vancouver Broadway Green','3','A','3.A.B'),
('3.A.165','Vancouver Broadway Green','3','A','3.A.B'),
('3.A.166','Vancouver Broadway Green','3','A','3.A.B'),
('3.A.167','Vancouver Broadway Green','3','A','3.A.B'),
('3.A.168','Vancouver Broadway Green','3','A','3.A.C'),
('3.A.169','Vancouver Broadway Green','3','A','3.A.C'),
('3.A.170','Vancouver Broadway Green','3','A','3.A.C'),
('3.A.171','Vancouver Broadway Green','3','A','3.A.C'),
('3.A.172','Vancouver Broadway Green','3','A','3.A.C'),
('3.A.173','Vancouver Broadway Green','3','A','3.A.C'),
('3.A.174','Vancouver Broadway Green','3','A','3.A.C'),
('3.A.175','Vancouver Broadway Green','3','A','3.A.C'),
('3.A.176','Vancouver Broadway Green','3','A','3.A.C'),
('3.A.177','Vancouver Broadway Green','3','A','3.A.C'),
('3.A.178','Vancouver Broadway Green','3','A','3.A.C'),
('3.A.179','Vancouver Broadway Green','3','A','3.A.C'),
('3.A.180','Vancouver Broadway Green','3','A','3.A.C'),
('3.A.181','Vancouver Broadway Green','3','A','3.A.C'),
('3.A.182','Vancouver Broadway Green','3','A','3.A.C'),
('3.A.183','Vancouver Broadway Green','3','A','3.A.C'),
('3.A.184','Vancouver Broadway Green','3','A','3.A.C'),
('3.A.185','Vancouver Broadway Green','3','A','3.A.C'),
('3.A.186','Vancouver Broadway Green','3','A','3.A.C'),
('3.A.187','Vancouver Broadway Green','3','A','3.A.C'),
('3.A.188','Vancouver Broadway Green','3','A','3.A.C'),
('3.A.189','Vancouver Broadway Green','3','A','3.A.C'),
('3.A.190','Vancouver Broadway Green','3','A','3.A.C'),
('3.A.191','Vancouver Broadway Green','3','A','3.A.C'),
('3.A.192','Vancouver Broadway Green','3','A','3.A.C'),
('3.A.193','Vancouver Broadway Green','3','A','3.A.C'),
('3.A.194','Vancouver Broadway Green','3','A','3.A.C'),
('3.A.195','Vancouver Broadway Green','3','A','3.A.C'),
('3.A.196','Vancouver Broadway Green','3','A','3.A.C'),
('3.A.197','Vancouver Broadway Green','3','A','3.A.C'),
('3.A.198','Vancouver Broadway Green','3','A','3.A.C'),
('3.A.199','Vancouver Broadway Green','3','A','3.A.C'),
('3.A.200','Vancouver Broadway Green','3','A','3.A.C'),
('3.A.201','Vancouver Broadway Green','3','A','3.A.D'),
('3.A.202','Vancouver Broadway Green','3','A','3.A.D'),
('3.A.203','Vancouver Broadway Green','3','A','3.A.D'),
('3.A.204','Vancouver Broadway Green','3','A','3.A.D'),
('3.A.205','Vancouver Broadway Green','3','A','3.A.D'),
('3.A.206','Vancouver Broadway Green','3','A','3.A.D'),
('3.A.207','Vancouver Broadway Green','3','A','3.A.D'),
('3.A.208','Vancouver Broadway Green','3','A','3.A.D'),
('3.A.209','Vancouver Broadway Green','3','A','3.A.D'),
('3.A.210','Vancouver Broadway Green','3','A','3.A.D'),
('3.A.211','Vancouver Broadway Green','3','A','3.A.D'),
('3.A.212','Vancouver Broadway Green','3','A','3.A.D'),
('3.A.213','Vancouver Broadway Green','3','A','3.A.D'),
('3.A.214','Vancouver Broadway Green','3','A','3.A.D'),
('3.A.215','Vancouver Broadway Green','3','A','3.A.D'),
('3.A.216','Vancouver Broadway Green','3','A','3.A.D'),
('3.A.217','Vancouver Broadway Green','3','A','3.A.D'),
('3.A.218','Vancouver Broadway Green','3','A','3.A.D'),
('3.A.219','Vancouver Broadway Green','3','A','3.A.D'),
('3.A.220','Vancouver Broadway Green','3','A','3.A.D'),
('3.A.221','Vancouver Broadway Green','3','A','3.A.D'),
('3.A.222','Vancouver Broadway Green','3','A','3.A.D'),
('3.A.223','Vancouver Broadway Green','3','A','3.A.D'),
('3.A.224','Vancouver Broadway Green','3','A','3.A.D'),
('3.A.225','Vancouver Broadway Green','3','A','3.A.D'),
('3.A.226','Vancouver Broadway Green','3','A','3.A.D'),
('3.A.227','Vancouver Broadway Green','3','A','3.A.D'),
('3.A.228','Vancouver Broadway Green','3','A','3.A.D'),
('3.A.229','Vancouver Broadway Green','3','A','3.A.D'),
('3.A.230','Vancouver Broadway Green','3','A','3.A.D'),
('3.A.231','Vancouver Broadway Green','3','A','3.A.D'),
('3.A.232','Vancouver Broadway Green','3','A','3.A.D'),
('3.A.233','Vancouver Broadway Green','3','A','3.A.D'),
('3.A.234','Vancouver Broadway Green','3','A','3.A.D'),
('3.A.235','Vancouver Broadway Green','3','A','3.A.D'),
('3.A.236','Vancouver Broadway Green','3','A','3.A.D'),
('3.A.237','Vancouver Broadway Green','3','A','3.A.D'),
('3.A.238','Vancouver Broadway Green','3','A','3.A.D'),
('3.A.239','Vancouver Broadway Green','3','A','3.A.D'),
('3.A.240','Vancouver Broadway Green','3','A','3.A.D'),
('3.A.241','Vancouver Broadway Green','3','A','3.A.E'),
('3.A.242','Vancouver Broadway Green','3','A','3.A.E'),
('3.A.243','Vancouver Broadway Green','3','A','3.A.E'),
('3.A.244','Vancouver Broadway Green','3','A','3.A.E'),
('3.A.245','Vancouver Broadway Green','3','A','3.A.E'),
('3.A.246','Vancouver Broadway Green','3','A','3.A.E'),
('3.A.247','Vancouver Broadway Green','3','A','3.A.E'),
('3.A.248','Vancouver Broadway Green','3','A','3.A.E'),
('3.A.249','Vancouver Broadway Green','3','A','3.A.E'),
('3.A.250','Vancouver Broadway Green','3','A','3.A.E'),
('3.A.251','Vancouver Broadway Green','3','A','3.A.E'),
('3.A.252','Vancouver Broadway Green','3','A','3.A.E'),
('3.A.253','Vancouver Broadway Green','3','A','3.A.E'),
('3.A.254','Vancouver Broadway Green','3','A','3.A.E'),
('3.A.255','Vancouver Broadway Green','3','A','3.A.E'),
('3.A.256','Vancouver Broadway Green','3','A','3.A.E'),
('3.A.257','Vancouver Broadway Green','3','A','3.A.E'),
('3.A.258','Vancouver Broadway Green','3','A','3.A.E'),
('3.A.260','Vancouver Broadway Green','3','A','3.A.H'),
('3.A.261','Vancouver Broadway Green','3','A','3.A.H'),
('3.A.262','Vancouver Broadway Green','3','A','3.A.H'),
('3.A.263','Vancouver Broadway Green','3','A','3.A.H'),
('3.A.264','Vancouver Broadway Green','3','A','3.A.H'),
('3.A.265','Vancouver Broadway Green','3','A','3.A.H'),
('3.A.266','Vancouver Broadway Green','3','A','3.A.H'),
('3.A.267','Vancouver Broadway Green','3','A','3.A.H'),
('3.A.268','Vancouver Broadway Green','3','A','3.A.H'),
('3.A.269','Vancouver Broadway Green','3','A','3.A.H'),
('3.A.270','Vancouver Broadway Green','3','A','3.A.H'),
('3.A.271','Vancouver Broadway Green','3','A','3.A.H'),
('3.A.273','Vancouver Broadway Green','3','A','3.A.H'),
('3.A.274','Vancouver Broadway Green','3','A','3.A.H'),
('3.A.275','Vancouver Broadway Green','3','A','3.A.H'),
('3.A.276','Vancouver Broadway Green','3','A','3.A.H'),
('3.A.277','Vancouver Broadway Green','3','A','3.A.H'),
('3.A.278','Vancouver Broadway Green','3','A','3.A.H'),
('3.A.279','Vancouver Broadway Green','3','A','3.A.H'),
('3.A.280','Vancouver Broadway Green','3','A','3.A.H'),
('3.A.281','Vancouver Broadway Green','3','A','3.A.H'),
('3.A.282','Vancouver Broadway Green','3','A','3.A.H'),
('3.A.283','Vancouver Broadway Green','3','A','3.A.H'),
('3.A.284','Vancouver Broadway Green','3','A','3.A.H'),
('3.A.285','Vancouver Broadway Green','3','A','3.A.H'),
('3.A.286','Vancouver Broadway Green','3','A','3.A.I'),
('3.A.287','Vancouver Broadway Green','3','A','3.A.I'),
('3.A.288','Vancouver Broadway Green','3','A','3.A.I'),
('3.A.289','Vancouver Broadway Green','3','A','3.A.I'),
('3.A.290','Vancouver Broadway Green','3','A','3.A.I'),
('3.A.291','Vancouver Broadway Green','3','A','3.A.I'),
('3.A.292','Vancouver Broadway Green','3','A','3.A.I'),
('3.A.293','Vancouver Broadway Green','3','A','3.A.I'),
('3.A.294','Vancouver Broadway Green','3','A','3.A.I'),
('3.A.295','Vancouver Broadway Green','3','A','3.A.I'),
('3.A.296','Vancouver Broadway Green','3','A','3.A.I'),
('3.A.297','Vancouver Broadway Green','3','A','3.A.I'),
('3.A.298','Vancouver Broadway Green','3','A','3.A.I'),
('3.A.299','Vancouver Broadway Green','3','A','3.A.I'),
('3.A.300','Vancouver Broadway Green','3','A','3.A.I'),
('3.A.301','Vancouver Broadway Green','3','A','3.A.I'),
('3.A.302','Vancouver Broadway Green','3','A','3.A.I'),
('3.A.303','Vancouver Broadway Green','3','A','3.A.I'),
('3.A.304','Vancouver Broadway Green','3','A','3.A.I'),
('3.A.305','Vancouver Broadway Green','3','A','3.A.I'),
('3.A.306','Vancouver Broadway Green','3','A','3.A.G'),
('3.A.307','Vancouver Broadway Green','3','A','3.A.G'),
('3.A.308','Vancouver Broadway Green','3','A','3.A.G'),
('3.A.309','Vancouver Broadway Green','3','A','3.A.G'),
('3.A.310','Vancouver Broadway Green','3','A','3.A.G'),
('3.A.311','Vancouver Broadway Green','3','A','3.A.G'),
('3.A.312','Vancouver Broadway Green','3','A','3.A.G'),
('3.A.313','Vancouver Broadway Green','3','A','3.A.G'),
('3.A.314','Vancouver Broadway Green','3','A','3.A.G'),
('3.A.315','Vancouver Broadway Green','3','A','3.A.G'),
('3.A.316','Vancouver Broadway Green','3','A','3.A.G'),
('3.A.317','Vancouver Broadway Green','3','A','3.A.G'),
('3.A.318','Vancouver Broadway Green','3','A','3.A.G'),
('3.A.319','Vancouver Broadway Green','3','A','3.A.G'),
('3.A.320','Vancouver Broadway Green','3','A','3.A.G'),
('3.A.321','Vancouver Broadway Green','3','A','3.A.G'),
('3.A.322','Vancouver Broadway Green','3','A','3.A.G'),
('3.A.323','Vancouver Broadway Green','3','A','3.A.G'),
('3.A.324','Vancouver Broadway Green','3','A','3.A.G'),
('3.A.325','Vancouver Broadway Green','3','A','3.A.G'),
('3.A.326','Vancouver Broadway Green','3','A','3.A.G'),
('3.A.327','Vancouver Broadway Green','3','A','3.A.G'),
('3.A.328','Vancouver Broadway Green','3','A','3.A.G'),
('3.A.329','Vancouver Broadway Green','3','A','3.A.G'),
('3.A.330','Vancouver Broadway Green','3','A','3.A.F'),
('3.A.331','Vancouver Broadway Green','3','A','3.A.F'),
('3.A.332','Vancouver Broadway Green','3','A','3.A.F'),
('3.A.333','Vancouver Broadway Green','3','A','3.A.F'),
('3.A.334','Vancouver Broadway Green','3','A','3.A.F'),
('3.A.335','Vancouver Broadway Green','3','A','3.A.F'),
('3.A.336','Vancouver Broadway Green','3','A','3.A.F'),
('3.A.337','Vancouver Broadway Green','3','A','3.A.F'),
('3.A.338','Vancouver Broadway Green','3','A','3.A.F'),
('3.A.339','Vancouver Broadway Green','3','A','3.A.F'),
('3.A.342','Vancouver Broadway Green','3','A','3.A.F'),
('3.A.343','Vancouver Broadway Green','3','A','3.A.F'),
('3.A.344','Vancouver Broadway Green','3','A','3.A.F'),
('3.A.345','Vancouver Broadway Green','3','A','3.A.F'),
('3.A.346','Vancouver Broadway Green','3','A','3.A.F'),
('3.A.347','Vancouver Broadway Green','3','A','3.A.F'),
('3.A.348','Vancouver Broadway Green','3','A','3.A.F'),
('3.A.349','Vancouver Broadway Green','3','A','3.A.F'),
('3.A.350','Vancouver Broadway Green','3','A','3.A.F'),
('3.A.351','Vancouver Broadway Green','3','A','3.A.F'),
('3.A.352','Vancouver Broadway Green','3','A','3.A.F'),
('3.A.353','Vancouver Broadway Green','3','A','3.A.F'),
('3.A.354','Vancouver Broadway Green','3','A','3.A.F'),
('3.A.355','Vancouver Broadway Green','3','A','3.A.F'),
('3.A.356','Vancouver Broadway Green','3','A','3.A.F'),
('3.A.357','Vancouver Broadway Green','3','A','3.A.F'),
('3.A.358','Vancouver Broadway Green','3','A','3.A.F'),
('3.A.359','Vancouver Broadway Green','3','A','3.A.F'),
('3.A.360','Vancouver Broadway Green','3','A','3.A.F'),
('3.A.361','Vancouver Broadway Green','3','A','3.A.F'),
('3.A.362','Vancouver Broadway Green','3','A','3.A.F'),
('3.A.363','Vancouver Broadway Green','3','A','3.A.F'),
('3.B.101','Vancouver Broadway Green','3','B','3.B.A'),
('3.B.102','Vancouver Broadway Green','3','B','3.B.A'),
('3.B.103','Vancouver Broadway Green','3','B','3.B.A'),
('3.B.104','Vancouver Broadway Green','3','B','3.B.A'),
('3.B.105','Vancouver Broadway Green','3','B','3.B.A'),
('3.B.106','Vancouver Broadway Green','3','B','3.B.A'),
('3.B.109','Vancouver Broadway Green','3','B','3.B.A'),
('3.B.110','Vancouver Broadway Green','3','B','3.B.A'),
('3.B.111','Vancouver Broadway Green','3','B','3.B.A'),
('3.B.112','Vancouver Broadway Green','3','B','3.B.A'),
('3.B.113','Vancouver Broadway Green','3','B','3.B.A'),
('3.B.114','Vancouver Broadway Green','3','B','3.B.A'),
('3.B.115','Vancouver Broadway Green','3','B','3.B.A'),
('3.B.116','Vancouver Broadway Green','3','B','3.B.A'),
('3.B.117','Vancouver Broadway Green','3','B','3.B.A'),
('3.B.118','Vancouver Broadway Green','3','B','3.B.A'),
('3.B.119','Vancouver Broadway Green','3','B','3.B.A'),
('3.B.120','Vancouver Broadway Green','3','B','3.B.A'),
('3.B.121','Vancouver Broadway Green','3','B','3.B.A'),
('3.B.122','Vancouver Broadway Green','3','B','3.B.A'),
('3.B.123','Vancouver Broadway Green','3','B','3.B.A'),
('3.B.124','Vancouver Broadway Green','3','B','3.B.A'),
('3.B.125','Vancouver Broadway Green','3','B','3.B.A'),
('3.B.126','Vancouver Broadway Green','3','B','3.B.A'),
('3.B.127','Vancouver Broadway Green','3','B','3.B.A'),
('3.B.128','Vancouver Broadway Green','3','B','3.B.A'),
('3.B.129','Vancouver Broadway Green','3','B','3.B.A'),
('3.B.130','Vancouver Broadway Green','3','B','3.B.B'),
('3.B.131','Vancouver Broadway Green','3','B','3.B.B'),
('3.B.132','Vancouver Broadway Green','3','B','3.B.B'),
('3.B.133','Vancouver Broadway Green','3','B','3.B.B'),
('3.B.134','Vancouver Broadway Green','3','B','3.B.B'),
('3.B.135','Vancouver Broadway Green','3','B','3.B.B'),
('3.B.136','Vancouver Broadway Green','3','B','3.B.B'),
('3.B.137','Vancouver Broadway Green','3','B','3.B.B'),
('3.B.138','Vancouver Broadway Green','3','B','3.B.B'),
('3.B.139','Vancouver Broadway Green','3','B','3.B.B'),
('3.B.140','Vancouver Broadway Green','3','B','3.B.B'),
('3.B.141','Vancouver Broadway Green','3','B','3.B.B'),
('3.B.142','Vancouver Broadway Green','3','B','3.B.B'),
('3.B.143','Vancouver Broadway Green','3','B','3.B.B'),
('3.B.144','Vancouver Broadway Green','3','B','3.B.B'),
('3.B.145','Vancouver Broadway Green','3','B','3.B.B'),
('3.B.146','Vancouver Broadway Green','3','B','3.B.B'),
('3.B.147','Vancouver Broadway Green','3','B','3.B.B'),
('3.B.148','Vancouver Broadway Green','3','B','3.B.B'),
('3.B.149','Vancouver Broadway Green','3','B','3.B.B'),
('3.B.150','Vancouver Broadway Green','3','B','3.B.B'),
('3.B.151','Vancouver Broadway Green','3','B','3.B.B'),
('3.B.152','Vancouver Broadway Green','3','B','3.B.B'),
('3.B.153','Vancouver Broadway Green','3','B','3.B.B'),
('3.B.154','Vancouver Broadway Green','3','B','3.B.B'),
('3.B.155','Vancouver Broadway Green','3','B','3.B.B'),
('3.B.156','Vancouver Broadway Green','3','B','3.B.B'),
('3.B.157','Vancouver Broadway Green','3','B','3.B.B'),
('3.B.158','Vancouver Broadway Green','3','B','3.B.B'),
('3.B.159','Vancouver Broadway Green','3','B','3.B.B'),
('3.B.160','Vancouver Broadway Green','3','B','3.B.C'),
('3.B.161','Vancouver Broadway Green','3','B','3.B.C'),
('3.B.162','Vancouver Broadway Green','3','B','3.B.C'),
('3.B.163','Vancouver Broadway Green','3','B','3.B.C'),
('3.B.164','Vancouver Broadway Green','3','B','3.B.C'),
('3.B.165','Vancouver Broadway Green','3','B','3.B.C'),
('3.B.166','Vancouver Broadway Green','3','B','3.B.C'),
('3.B.167','Vancouver Broadway Green','3','B','3.B.C'),
('3.B.168','Vancouver Broadway Green','3','B','3.B.C'),
('3.B.169','Vancouver Broadway Green','3','B','3.B.C'),
('3.B.170','Vancouver Broadway Green','3','B','3.B.C'),
('3.B.171','Vancouver Broadway Green','3','B','3.B.C'),
('3.B.172','Vancouver Broadway Green','3','B','3.B.C'),
('3.B.173','Vancouver Broadway Green','3','B','3.B.C'),
('3.B.174','Vancouver Broadway Green','3','B','3.B.C'),
('3.B.175','Vancouver Broadway Green','3','B','3.B.C'),
('3.B.176','Vancouver Broadway Green','3','B','3.B.C'),
('3.B.177','Vancouver Broadway Green','3','B','3.B.C'),
('3.B.178','Vancouver Broadway Green','3','B','3.B.C'),
('3.B.179','Vancouver Broadway Green','3','B','3.B.C'),
('3.B.180','Vancouver Broadway Green','3','B','3.B.C'),
('3.B.181','Vancouver Broadway Green','3','B','3.B.C'),
('3.B.182','Vancouver Broadway Green','3','B','3.B.C'),
('3.B.183','Vancouver Broadway Green','3','B','3.B.C'),
('3.B.184','Vancouver Broadway Green','3','B','3.B.C'),
('3.B.185','Vancouver Broadway Green','3','B','3.B.C'),
('3.B.186','Vancouver Broadway Green','3','B','3.B.C'),
('3.B.187','Vancouver Broadway Green','3','B','3.B.C'),
('3.B.188','Vancouver Broadway Green','3','B','3.B.C'),
('3.B.189','Vancouver Broadway Green','3','B','3.B.C'),
('3.B.190','Vancouver Broadway Green','3','B','3.B.D'),
('3.B.191','Vancouver Broadway Green','3','B','3.B.D'),
('3.B.192','Vancouver Broadway Green','3','B','3.B.D'),
('3.B.193','Vancouver Broadway Green','3','B','3.B.D'),
('3.B.194','Vancouver Broadway Green','3','B','3.B.D'),
('3.B.195','Vancouver Broadway Green','3','B','3.B.D'),
('3.B.196','Vancouver Broadway Green','3','B','3.B.D'),
('3.B.197','Vancouver Broadway Green','3','B','3.B.D'),
('3.B.198','Vancouver Broadway Green','3','B','3.B.D'),
('3.B.199','Vancouver Broadway Green','3','B','3.B.D'),
('3.B.200','Vancouver Broadway Green','3','B','3.B.D'),
('3.B.201','Vancouver Broadway Green','3','B','3.B.D'),
('3.B.202','Vancouver Broadway Green','3','B','3.B.D'),
('3.B.203','Vancouver Broadway Green','3','B','3.B.D'),
('3.B.204','Vancouver Broadway Green','3','B','3.B.D'),
('3.B.205','Vancouver Broadway Green','3','B','3.B.D'),
('3.B.208','Vancouver Broadway Green','3','B','3.B.D'),
('3.B.209','Vancouver Broadway Green','3','B','3.B.D'),
('3.B.210','Vancouver Broadway Green','3','B','3.B.D'),
('3.B.211','Vancouver Broadway Green','3','B','3.B.D'),
('3.B.212','Vancouver Broadway Green','3','B','3.B.D'),
('3.B.213','Vancouver Broadway Green','3','B','3.B.D'),
('3.B.214','Vancouver Broadway Green','3','B','3.B.D'),
('3.B.215','Vancouver Broadway Green','3','B','3.B.D'),
('3.B.216','Vancouver Broadway Green','3','B','3.B.D'),
('3.B.217','Vancouver Broadway Green','3','B','3.B.D'),
('3.B.218','Vancouver Broadway Green','3','B','3.B.D'),
('3.B.219','Vancouver Broadway Green','3','B','3.B.D'),
('3.B.220','Vancouver Broadway Green','3','B','3.B.D'),
('3.B.221','Vancouver Broadway Green','3','B','3.B.D'),
('3.B.222','Vancouver Broadway Green','3','B','3.B.D'),
('3.B.223','Vancouver Broadway Green','3','B','3.B.D'),
('3.B.224','Vancouver Broadway Green','3','B','3.B.D'),
('3.B.225','Vancouver Broadway Green','3','B','3.B.D'),
('3.B.226','Vancouver Broadway Green','3','B','3.B.D'),
('3.B.227','Vancouver Broadway Green','3','B','3.B.D'),
('3.B.228','Vancouver Broadway Green','3','B','3.B.E'),
('3.B.229','Vancouver Broadway Green','3','B','3.B.E'),
('3.B.230','Vancouver Broadway Green','3','B','3.B.E'),
('3.B.231','Vancouver Broadway Green','3','B','3.B.E'),
('3.B.232','Vancouver Broadway Green','3','B','3.B.E'),
('3.B.233','Vancouver Broadway Green','3','B','3.B.E'),
('3.B.234','Vancouver Broadway Green','3','B','3.B.E'),
('3.B.235','Vancouver Broadway Green','3','B','3.B.E'),
('3.B.236','Vancouver Broadway Green','3','B','3.B.E'),
('3.B.237','Vancouver Broadway Green','3','B','3.B.E'),
('3.B.238','Vancouver Broadway Green','3','B','3.B.E'),
('3.B.239','Vancouver Broadway Green','3','B','3.B.E'),
('3.B.240','Vancouver Broadway Green','3','B','3.B.E'),
('3.B.241','Vancouver Broadway Green','3','B','3.B.E'),
('3.B.242','Vancouver Broadway Green','3','B','3.B.E'),
('3.B.243','Vancouver Broadway Green','3','B','3.B.E'),
('3.B.244','Vancouver Broadway Green','3','B','3.B.E'),
('3.B.245','Vancouver Broadway Green','3','B','3.B.E'),
('3.B.246','Vancouver Broadway Green','3','B','3.B.E'),
('3.B.247','Vancouver Broadway Green','3','B','3.B.E'),
('3.B.248','Vancouver Broadway Green','3','B','3.B.E'),
('3.B.249','Vancouver Broadway Green','3','B','3.B.E'),
('3.B.250','Vancouver Broadway Green','3','B','3.B.E'),
('3.B.251','Vancouver Broadway Green','3','B','3.B.E'),
('3.B.252','Vancouver Broadway Green','3','B','3.B.E'),
('3.B.253','Vancouver Broadway Green','3','B','3.B.E'),
('3.B.254','Vancouver Broadway Green','3','B','3.B.E'),
('3.B.255','Vancouver Broadway Green','3','B','3.B.E'),
('3.B.256','Vancouver Broadway Green','3','B','3.B.F'),
('3.B.257','Vancouver Broadway Green','3','B','3.B.F'),
('3.B.258','Vancouver Broadway Green','3','B','3.B.F'),
('3.B.259','Vancouver Broadway Green','3','B','3.B.F'),
('3.B.260','Vancouver Broadway Green','3','B','3.B.F'),
('3.B.261','Vancouver Broadway Green','3','B','3.B.F'),
('3.B.262','Vancouver Broadway Green','3','B','3.B.F'),
('3.B.263','Vancouver Broadway Green','3','B','3.B.F'),
('3.B.264','Vancouver Broadway Green','3','B','3.B.F'),
('3.B.265','Vancouver Broadway Green','3','B','3.B.F'),
('3.B.266','Vancouver Broadway Green','3','B','3.B.F'),
('3.B.267','Vancouver Broadway Green','3','B','3.B.F'),
('3.B.268','Vancouver Broadway Green','3','B','3.B.F'),
('3.B.269','Vancouver Broadway Green','3','B','3.B.F'),
('3.B.270','Vancouver Broadway Green','3','B','3.B.F'),
('3.B.271','Vancouver Broadway Green','3','B','3.B.F'),
('3.B.272','Vancouver Broadway Green','3','B','3.B.F'),
('3.B.273','Vancouver Broadway Green','3','B','3.B.F'),
('3.B.274','Vancouver Broadway Green','3','B','3.B.F'),
('3.B.275','Vancouver Broadway Green','3','B','3.B.F'),
('3.B.276','Vancouver Broadway Green','3','B','3.B.F'),
('3.B.277','Vancouver Broadway Green','3','B','3.B.F'),
('3.B.278','Vancouver Broadway Green','3','B','3.B.F'),
('3.B.279','Vancouver Broadway Green','3','B','3.B.F'),
('3.B.280','Vancouver Broadway Green','3','B','3.B.G'),
('3.B.281','Vancouver Broadway Green','3','B','3.B.G'),
('3.B.282','Vancouver Broadway Green','3','B','3.B.G'),
('3.B.283','Vancouver Broadway Green','3','B','3.B.G'),
('3.B.284','Vancouver Broadway Green','3','B','3.B.G'),
('3.B.285','Vancouver Broadway Green','3','B','3.B.G'),
('3.B.286','Vancouver Broadway Green','3','B','3.B.G'),
('3.B.287','Vancouver Broadway Green','3','B','3.B.G'),
('3.B.288','Vancouver Broadway Green','3','B','3.B.G'),
('3.B.289','Vancouver Broadway Green','3','B','3.B.G'),
('3.B.290','Vancouver Broadway Green','3','B','3.B.G'),
('3.B.291','Vancouver Broadway Green','3','B','3.B.G'),
('3.B.292','Vancouver Broadway Green','3','B','3.B.G'),
('3.B.293','Vancouver Broadway Green','3','B','3.B.G'),
('3.B.294','Vancouver Broadway Green','3','B','3.B.G'),
('3.B.295','Vancouver Broadway Green','3','B','3.B.G'),
('3.B.296','Vancouver Broadway Green','3','B','3.B.G'),
('3.B.297','Vancouver Broadway Green','3','B','3.B.G'),
('3.B.298','Vancouver Broadway Green','3','B','3.B.G'),
('3.B.299','Vancouver Broadway Green','3','B','3.B.G'),
('3.B.300','Vancouver Broadway Green','3','B','3.B.G'),
('3.B.301','Vancouver Broadway Green','3','B','3.B.G'),
('3.B.302','Vancouver Broadway Green','3','B','3.B.G'),
('3.B.303','Vancouver Broadway Green','3','B','3.B.G'),
('3.B.304','Vancouver Broadway Green','3','B','3.B.G'),
('3.B.305','Vancouver Broadway Green','3','B','3.B.G'),
('3.B.306','Vancouver Broadway Green','3','B','3.B.G'),
('3.B.307','Vancouver Broadway Green','3','B','3.B.G'),
('3.B.310','Vancouver Broadway Green','3','B','3.B.H'),
('3.B.311','Vancouver Broadway Green','3','B','3.B.H'),
('3.B.312','Vancouver Broadway Green','3','B','3.B.H'),
('3.B.313','Vancouver Broadway Green','3','B','3.B.H'),
('3.B.314','Vancouver Broadway Green','3','B','3.B.H'),
('3.B.315','Vancouver Broadway Green','3','B','3.B.H'),
('3.B.316','Vancouver Broadway Green','3','B','3.B.H'),
('3.B.317','Vancouver Broadway Green','3','B','3.B.H'),
('3.B.318','Vancouver Broadway Green','3','B','3.B.H'),
('3.B.319','Vancouver Broadway Green','3','B','3.B.H'),
('3.B.320','Vancouver Broadway Green','3','B','3.B.H'),
('3.B.321','Vancouver Broadway Green','3','B','3.B.H'),
('3.B.322','Vancouver Broadway Green','3','B','3.B.H'),
('3.B.323','Vancouver Broadway Green','3','B','3.B.H'),
('3.B.324','Vancouver Broadway Green','3','B','3.B.H'),
('3.B.325','Vancouver Broadway Green','3','B','3.B.H'),
('3.B.326','Vancouver Broadway Green','3','B','3.B.H'),
('3.B.327','Vancouver Broadway Green','3','B','3.B.H'),
('3.B.328','Vancouver Broadway Green','3','B','3.B.H'),
('3.B.329','Vancouver Broadway Green','3','B','3.B.H'),
('3.B.330','Vancouver Broadway Green','3','B','3.B.I'),
('3.B.331','Vancouver Broadway Green','3','B','3.B.I'),
('3.B.332','Vancouver Broadway Green','3','B','3.B.I'),
('3.B.333','Vancouver Broadway Green','3','B','3.B.I'),
('3.B.334','Vancouver Broadway Green','3','B','3.B.I'),
('3.B.335','Vancouver Broadway Green','3','B','3.B.I'),
('3.B.336','Vancouver Broadway Green','3','B','3.B.I'),
('3.B.337','Vancouver Broadway Green','3','B','3.B.I'),
('3.B.338','Vancouver Broadway Green','3','B','3.B.I'),
('3.B.339','Vancouver Broadway Green','3','B','3.B.I'),
('3.B.340','Vancouver Broadway Green','3','B','3.B.I'),
('3.B.341','Vancouver Broadway Green','3','B','3.B.I'),
('3.B.342','Vancouver Broadway Green','3','B','3.B.I'),
('3.B.343','Vancouver Broadway Green','3','B','3.B.I'),
('4.A.101','Vancouver Broadway Green','4','A','4.A.A'),
('4.A.102','Vancouver Broadway Green','4','A','4.A.A'),
('4.A.103','Vancouver Broadway Green','4','A','4.A.A'),
('4.A.104','Vancouver Broadway Green','4','A','4.A.A'),
('4.A.105','Vancouver Broadway Green','4','A','4.A.A'),
('4.A.106','Vancouver Broadway Green','4','A','4.A.A'),
('4.A.107','Vancouver Broadway Green','4','A','4.A.A'),
('4.A.108','Vancouver Broadway Green','4','A','4.A.A'),
('4.A.109','Vancouver Broadway Green','4','A','4.A.A'),
('4.A.110','Vancouver Broadway Green','4','A','4.A.A'),
('4.A.111','Vancouver Broadway Green','4','A','4.A.A'),
('4.A.112','Vancouver Broadway Green','4','A','4.A.A'),
('4.A.113','Vancouver Broadway Green','4','A','4.A.A'),
('4.A.115','Vancouver Broadway Green','4','A','4.A.A'),
('4.A.116','Vancouver Broadway Green','4','A','4.A.A'),
('4.A.117','Vancouver Broadway Green','4','A','4.A.A'),
('4.A.118','Vancouver Broadway Green','4','A','4.A.A'),
('4.A.119','Vancouver Broadway Green','4','A','4.A.A'),
('4.A.120','Vancouver Broadway Green','4','A','4.A.A'),
('4.A.121','Vancouver Broadway Green','4','A','4.A.A'),
('4.A.122','Vancouver Broadway Green','4','A','4.A.A'),
('4.A.123','Vancouver Broadway Green','4','A','4.A.A'),
('4.A.124','Vancouver Broadway Green','4','A','4.A.A'),
('4.A.125','Vancouver Broadway Green','4','A','4.A.A'),
('4.A.126','Vancouver Broadway Green','4','A','4.A.A'),
('4.A.127','Vancouver Broadway Green','4','A','4.A.B'),
('4.A.128','Vancouver Broadway Green','4','A','4.A.B'),
('4.A.129','Vancouver Broadway Green','4','A','4.A.B'),
('4.A.130','Vancouver Broadway Green','4','A','4.A.B'),
('4.A.131','Vancouver Broadway Green','4','A','4.A.B'),
('4.A.132','Vancouver Broadway Green','4','A','4.A.B'),
('4.A.133','Vancouver Broadway Green','4','A','4.A.B'),
('4.A.134','Vancouver Broadway Green','4','A','4.A.B'),
('4.A.135','Vancouver Broadway Green','4','A','4.A.B'),
('4.A.136','Vancouver Broadway Green','4','A','4.A.B'),
('4.A.137','Vancouver Broadway Green','4','A','4.A.B'),
('4.A.138','Vancouver Broadway Green','4','A','4.A.B'),
('4.A.139','Vancouver Broadway Green','4','A','4.A.B'),
('4.A.140','Vancouver Broadway Green','4','A','4.A.B'),
('4.A.141','Vancouver Broadway Green','4','A','4.A.B'),
('4.A.142','Vancouver Broadway Green','4','A','4.A.B'),
('4.A.143','Vancouver Broadway Green','4','A','4.A.B'),
('4.A.144','Vancouver Broadway Green','4','A','4.A.B'),
('4.A.145','Vancouver Broadway Green','4','A','4.A.B'),
('4.A.146','Vancouver Broadway Green','4','A','4.A.B'),
('4.A.147','Vancouver Broadway Green','4','A','4.A.B'),
('4.A.148','Vancouver Broadway Green','4','A','4.A.B'),
('4.A.149','Vancouver Broadway Green','4','A','4.A.B'),
('4.A.150','Vancouver Broadway Green','4','A','4.A.B'),
('4.A.151','Vancouver Broadway Green','4','A','4.A.B'),
('4.A.152','Vancouver Broadway Green','4','A','4.A.B'),
('4.A.153','Vancouver Broadway Green','4','A','4.A.B'),
('4.A.154','Vancouver Broadway Green','4','A','4.A.B'),
('4.A.155','Vancouver Broadway Green','4','A','4.A.B'),
('4.A.156','Vancouver Broadway Green','4','A','4.A.B'),
('4.A.159','Vancouver Broadway Green','4','A','4.A.C'),
('4.A.160','Vancouver Broadway Green','4','A','4.A.C'),
('4.A.161','Vancouver Broadway Green','4','A','4.A.C'),
('4.A.162','Vancouver Broadway Green','4','A','4.A.C'),
('4.A.163','Vancouver Broadway Green','4','A','4.A.C'),
('4.A.164','Vancouver Broadway Green','4','A','4.A.C'),
('4.A.165','Vancouver Broadway Green','4','A','4.A.C'),
('4.A.166','Vancouver Broadway Green','4','A','4.A.C'),
('4.A.167','Vancouver Broadway Green','4','A','4.A.C'),
('4.A.168','Vancouver Broadway Green','4','A','4.A.C'),
('4.A.169','Vancouver Broadway Green','4','A','4.A.C'),
('4.A.170','Vancouver Broadway Green','4','A','4.A.C'),
('4.A.171','Vancouver Broadway Green','4','A','4.A.C'),
('4.A.172','Vancouver Broadway Green','4','A','4.A.C'),
('4.A.173','Vancouver Broadway Green','4','A','4.A.C'),
('4.A.174','Vancouver Broadway Green','4','A','4.A.C'),
('4.A.175','Vancouver Broadway Green','4','A','4.A.C'),
('4.A.176','Vancouver Broadway Green','4','A','4.A.C'),
('4.A.177','Vancouver Broadway Green','4','A','4.A.C'),
('4.A.178','Vancouver Broadway Green','4','A','4.A.C'),
('4.A.179','Vancouver Broadway Green','4','A','4.A.C'),
('4.A.180','Vancouver Broadway Green','4','A','4.A.C'),
('4.A.181','Vancouver Broadway Green','4','A','4.A.C'),
('4.A.182','Vancouver Broadway Green','4','A','4.A.C'),
('4.A.183','Vancouver Broadway Green','4','A','4.A.C'),
('4.A.184','Vancouver Broadway Green','4','A','4.A.C'),
('4.A.185','Vancouver Broadway Green','4','A','4.A.C'),
('4.A.186','Vancouver Broadway Green','4','A','4.A.C'),
('4.A.187','Vancouver Broadway Green','4','A','4.A.C'),
('4.A.188','Vancouver Broadway Green','4','A','4.A.C'),
('4.A.189','Vancouver Broadway Green','4','A','4.A.C'),
('4.A.190','Vancouver Broadway Green','4','A','4.A.C'),
('4.A.191','Vancouver Broadway Green','4','A','4.A.C'),
('4.A.192','Vancouver Broadway Green','4','A','4.A.C'),
('4.A.193','Vancouver Broadway Green','4','A','4.A.C'),
('4.A.194','Vancouver Broadway Green','4','A','4.A.C'),
('4.A.195','Vancouver Broadway Green','4','A','4.A.C'),
('4.A.196','Vancouver Broadway Green','4','A','4.A.C'),
('4.A.197','Vancouver Broadway Green','4','A','4.A.C'),
('4.A.198','Vancouver Broadway Green','4','A','4.A.C'),
('4.A.199','Vancouver Broadway Green','4','A','4.A.C'),
('4.A.200','Vancouver Broadway Green','4','A','4.A.C'),
('4.A.201','Vancouver Broadway Green','4','A','4.A.D'),
('4.A.202','Vancouver Broadway Green','4','A','4.A.D'),
('4.A.203','Vancouver Broadway Green','4','A','4.A.D'),
('4.A.204','Vancouver Broadway Green','4','A','4.A.D'),
('4.A.205','Vancouver Broadway Green','4','A','4.A.D'),
('4.A.206','Vancouver Broadway Green','4','A','4.A.D'),
('4.A.207','Vancouver Broadway Green','4','A','4.A.D'),
('4.A.208','Vancouver Broadway Green','4','A','4.A.D'),
('4.A.209','Vancouver Broadway Green','4','A','4.A.D'),
('4.A.210','Vancouver Broadway Green','4','A','4.A.D'),
('4.A.211','Vancouver Broadway Green','4','A','4.A.D'),
('4.A.212','Vancouver Broadway Green','4','A','4.A.D'),
('4.A.213','Vancouver Broadway Green','4','A','4.A.D'),
('4.A.214','Vancouver Broadway Green','4','A','4.A.D'),
('4.A.215','Vancouver Broadway Green','4','A','4.A.D'),
('4.A.216','Vancouver Broadway Green','4','A','4.A.D'),
('4.A.217','Vancouver Broadway Green','4','A','4.A.D'),
('4.A.218','Vancouver Broadway Green','4','A','4.A.D'),
('4.A.219','Vancouver Broadway Green','4','A','4.A.D'),
('4.A.220','Vancouver Broadway Green','4','A','4.A.D'),
('4.A.221','Vancouver Broadway Green','4','A','4.A.D'),
('4.A.222','Vancouver Broadway Green','4','A','4.A.D'),
('4.A.223','Vancouver Broadway Green','4','A','4.A.D'),
('4.A.224','Vancouver Broadway Green','4','A','4.A.D'),
('4.A.225','Vancouver Broadway Green','4','A','4.A.D'),
('4.A.226','Vancouver Broadway Green','4','A','4.A.D'),
('4.A.227','Vancouver Broadway Green','4','A','4.A.D'),
('4.A.228','Vancouver Broadway Green','4','A','4.A.D'),
('4.A.229','Vancouver Broadway Green','4','A','4.A.D'),
('4.A.230','Vancouver Broadway Green','4','A','4.A.D'),
('4.A.231','Vancouver Broadway Green','4','A','4.A.D'),
('4.A.232','Vancouver Broadway Green','4','A','4.A.D'),
('4.A.233','Vancouver Broadway Green','4','A','4.A.D'),
('4.A.234','Vancouver Broadway Green','4','A','4.A.D'),
('4.A.235','Vancouver Broadway Green','4','A','4.A.D'),
('4.A.236','Vancouver Broadway Green','4','A','4.A.D'),
('4.A.237','Vancouver Broadway Green','4','A','4.A.D'),
('4.A.238','Vancouver Broadway Green','4','A','4.A.D'),
('4.A.239','Vancouver Broadway Green','4','A','4.A.D'),
('4.A.240','Vancouver Broadway Green','4','A','4.A.E'),
('4.A.241','Vancouver Broadway Green','4','A','4.A.E'),
('4.A.242','Vancouver Broadway Green','4','A','4.A.E'),
('4.A.243','Vancouver Broadway Green','4','A','4.A.E'),
('4.A.244','Vancouver Broadway Green','4','A','4.A.E'),
('4.A.245','Vancouver Broadway Green','4','A','4.A.E'),
('4.A.246','Vancouver Broadway Green','4','A','4.A.E'),
('4.A.247','Vancouver Broadway Green','4','A','4.A.E'),
('4.A.248','Vancouver Broadway Green','4','A','4.A.E'),
('4.A.249','Vancouver Broadway Green','4','A','4.A.E'),
('4.A.250','Vancouver Broadway Green','4','A','4.A.E'),
('4.A.251','Vancouver Broadway Green','4','A','4.A.E'),
('4.A.252','Vancouver Broadway Green','4','A','4.A.E'),
('4.A.253','Vancouver Broadway Green','4','A','4.A.E'),
('4.A.254','Vancouver Broadway Green','4','A','4.A.E'),
('4.A.255','Vancouver Broadway Green','4','A','4.A.E'),
('4.A.256','Vancouver Broadway Green','4','A','4.A.E'),
('4.A.257','Vancouver Broadway Green','4','A','4.A.E'),
('4.A.258','Vancouver Broadway Green','4','A','4.A.E'),
('4.A.259','Vancouver Broadway Green','4','A','4.A.E'),
('4.A.260','Vancouver Broadway Green','4','A','4.A.E'),
('4.A.261','Vancouver Broadway Green','4','A','4.A.E'),
('4.A.262','Vancouver Broadway Green','4','A','4.A.E'),
('4.A.263','Vancouver Broadway Green','4','A','4.A.E'),
('4.A.264','Vancouver Broadway Green','4','A','4.A.E'),
('4.A.265','Vancouver Broadway Green','4','A','4.A.E'),
('4.A.266','Vancouver Broadway Green','4','A','4.A.E'),
('4.A.267','Vancouver Broadway Green','4','A','4.A.E'),
('4.A.268','Vancouver Broadway Green','4','A','4.A.E'),
('4.A.269','Vancouver Broadway Green','4','A','4.A.E'),
('4.A.270','Vancouver Broadway Green','4','A','4.A.F'),
('4.A.271','Vancouver Broadway Green','4','A','4.A.F'),
('4.A.272','Vancouver Broadway Green','4','A','4.A.F'),
('4.A.273','Vancouver Broadway Green','4','A','4.A.F'),
('4.A.274','Vancouver Broadway Green','4','A','4.A.F'),
('4.A.275','Vancouver Broadway Green','4','A','4.A.F'),
('4.A.276','Vancouver Broadway Green','4','A','4.A.F'),
('4.A.277','Vancouver Broadway Green','4','A','4.A.F'),
('4.A.278','Vancouver Broadway Green','4','A','4.A.F'),
('4.A.279','Vancouver Broadway Green','4','A','4.A.F'),
('4.A.280','Vancouver Broadway Green','4','A','4.A.F'),
('4.A.281','Vancouver Broadway Green','4','A','4.A.F'),
('4.A.282','Vancouver Broadway Green','4','A','4.A.F'),
('4.A.283','Vancouver Broadway Green','4','A','4.A.F'),
('4.B.101','Vancouver Broadway Green','4','B','4.B.A'),
('4.B.102','Vancouver Broadway Green','4','B','4.B.A'),
('4.B.103','Vancouver Broadway Green','4','B','4.B.A'),
('4.B.104','Vancouver Broadway Green','4','B','4.B.A'),
('4.B.105','Vancouver Broadway Green','4','B','4.B.A'),
('4.B.106','Vancouver Broadway Green','4','B','4.B.A'),
('4.B.107','Vancouver Broadway Green','4','B','4.B.A'),
('4.B.108','Vancouver Broadway Green','4','B','4.B.A'),
('4.B.109','Vancouver Broadway Green','4','B','4.B.A'),
('4.B.110','Vancouver Broadway Green','4','B','4.B.A'),
('4.B.111','Vancouver Broadway Green','4','B','4.B.A'),
('4.B.112','Vancouver Broadway Green','4','B','4.B.A'),
('4.B.113','Vancouver Broadway Green','4','B','4.B.A'),
('4.B.114','Vancouver Broadway Green','4','B','4.B.A'),
('4.B.115','Vancouver Broadway Green','4','B','4.B.A'),
('4.B.116','Vancouver Broadway Green','4','B','4.B.A'),
('4.B.117','Vancouver Broadway Green','4','B','4.B.A'),
('4.B.118','Vancouver Broadway Green','4','B','4.B.A'),
('4.B.119','Vancouver Broadway Green','4','B','4.B.A'),
('4.B.120','Vancouver Broadway Green','4','B','4.B.A'),
('4.B.121','Vancouver Broadway Green','4','B','4.B.A'),
('4.B.122','Vancouver Broadway Green','4','B','4.B.A'),
('4.B.123','Vancouver Broadway Green','4','B','4.B.A'),
('4.B.124','Vancouver Broadway Green','4','B','4.B.A'),
('4.B.125','Vancouver Broadway Green','4','B','4.B.A'),
('4.B.126','Vancouver Broadway Green','4','B','4.B.A'),
('4.B.127','Vancouver Broadway Green','4','B','4.B.A'),
('4.B.128','Vancouver Broadway Green','4','B','4.B.A'),
('4.B.129','Vancouver Broadway Green','4','B','4.B.A'),
('4.B.130','Vancouver Broadway Green','4','B','4.B.A'),
('4.B.131','Vancouver Broadway Green','4','B','4.B.A'),
('4.B.132','Vancouver Broadway Green','4','B','4.B.A'),
('4.B.133','Vancouver Broadway Green','4','B','4.B.A'),
('4.B.134','Vancouver Broadway Green','4','B','4.B.A'),
('4.B.135','Vancouver Broadway Green','4','B','4.B.A'),
('4.B.136','Vancouver Broadway Green','4','B','4.B.A'),
('4.B.137','Vancouver Broadway Green','4','B','4.B.A'),
('4.B.138','Vancouver Broadway Green','4','B','4.B.B'),
('4.B.139','Vancouver Broadway Green','4','B','4.B.B'),
('4.B.140','Vancouver Broadway Green','4','B','4.B.B'),
('4.B.141','Vancouver Broadway Green','4','B','4.B.B'),
('4.B.142','Vancouver Broadway Green','4','B','4.B.B'),
('4.B.143','Vancouver Broadway Green','4','B','4.B.B'),
('4.B.144','Vancouver Broadway Green','4','B','4.B.B'),
('4.B.145','Vancouver Broadway Green','4','B','4.B.B'),
('4.B.148','Vancouver Broadway Green','4','B','4.B.B'),
('4.B.149','Vancouver Broadway Green','4','B','4.B.B'),
('4.B.150','Vancouver Broadway Green','4','B','4.B.B'),
('4.B.151','Vancouver Broadway Green','4','B','4.B.B'),
('4.B.152','Vancouver Broadway Green','4','B','4.B.B'),
('4.B.153','Vancouver Broadway Green','4','B','4.B.B'),
('4.B.154','Vancouver Broadway Green','4','B','4.B.B'),
('4.B.155','Vancouver Broadway Green','4','B','4.B.B'),
('4.B.156','Vancouver Broadway Green','4','B','4.B.B'),
('4.B.157','Vancouver Broadway Green','4','B','4.B.B'),
('4.B.158','Vancouver Broadway Green','4','B','4.B.B'),
('4.B.159','Vancouver Broadway Green','4','B','4.B.B'),
('4.B.160','Vancouver Broadway Green','4','B','4.B.B'),
('4.B.161','Vancouver Broadway Green','4','B','4.B.B'),
('4.B.162','Vancouver Broadway Green','4','B','4.B.C'),
('4.B.163','Vancouver Broadway Green','4','B','4.B.C'),
('4.B.164','Vancouver Broadway Green','4','B','4.B.C'),
('4.B.165','Vancouver Broadway Green','4','B','4.B.C'),
('4.B.166','Vancouver Broadway Green','4','B','4.B.C'),
('4.B.167','Vancouver Broadway Green','4','B','4.B.C'),
('4.B.168','Vancouver Broadway Green','4','B','4.B.C'),
('4.B.169','Vancouver Broadway Green','4','B','4.B.C'),
('4.B.170','Vancouver Broadway Green','4','B','4.B.C'),
('4.B.171','Vancouver Broadway Green','4','B','4.B.C'),
('4.B.172','Vancouver Broadway Green','4','B','4.B.C'),
('4.B.173','Vancouver Broadway Green','4','B','4.B.C'),
('4.B.174','Vancouver Broadway Green','4','B','4.B.C'),
('4.B.175','Vancouver Broadway Green','4','B','4.B.C'),
('4.B.176','Vancouver Broadway Green','4','B','4.B.C'),
('4.B.177','Vancouver Broadway Green','4','B','4.B.C'),
('4.B.178','Vancouver Broadway Green','4','B','4.B.C'),
('4.B.179','Vancouver Broadway Green','4','B','4.B.C'),
('4.B.180','Vancouver Broadway Green','4','B','4.B.C'),
('4.B.181','Vancouver Broadway Green','4','B','4.B.C'),
('4.B.182','Vancouver Broadway Green','4','B','4.B.C'),
('4.B.183','Vancouver Broadway Green','4','B','4.B.C'),
('4.B.184','Vancouver Broadway Green','4','B','4.B.C'),
('4.B.185','Vancouver Broadway Green','4','B','4.B.C'),
('4.B.186','Vancouver Broadway Green','4','B','4.B.C'),
('4.B.187','Vancouver Broadway Green','4','B','4.B.C'),
('4.B.188','Vancouver Broadway Green','4','B','4.B.C'),
('4.B.189','Vancouver Broadway Green','4','B','4.B.C'),
('4.B.190','Vancouver Broadway Green','4','B','4.B.C'),
('4.B.191','Vancouver Broadway Green','4','B','4.B.C'),
('4.B.192','Vancouver Broadway Green','4','B','4.B.D'),
('4.B.193','Vancouver Broadway Green','4','B','4.B.D'),
('4.B.194','Vancouver Broadway Green','4','B','4.B.D'),
('4.B.195','Vancouver Broadway Green','4','B','4.B.D'),
('4.B.196','Vancouver Broadway Green','4','B','4.B.D'),
('4.B.197','Vancouver Broadway Green','4','B','4.B.D'),
('4.B.198','Vancouver Broadway Green','4','B','4.B.D'),
('4.B.199','Vancouver Broadway Green','4','B','4.B.D'),
('4.B.200','Vancouver Broadway Green','4','B','4.B.D'),
('4.B.201','Vancouver Broadway Green','4','B','4.B.D'),
('4.B.202','Vancouver Broadway Green','4','B','4.B.D'),
('4.B.203','Vancouver Broadway Green','4','B','4.B.D'),
('4.B.204','Vancouver Broadway Green','4','B','4.B.D'),
('4.B.205','Vancouver Broadway Green','4','B','4.B.D'),
('4.B.206','Vancouver Broadway Green','4','B','4.B.D'),
('4.B.207','Vancouver Broadway Green','4','B','4.B.D'),
('4.B.208','Vancouver Broadway Green','4','B','4.B.D'),
('4.B.209','Vancouver Broadway Green','4','B','4.B.D'),
('4.B.210','Vancouver Broadway Green','4','B','4.B.D'),
('4.B.211','Vancouver Broadway Green','4','B','4.B.D'),
('4.B.212','Vancouver Broadway Green','4','B','4.B.D'),
('4.B.213','Vancouver Broadway Green','4','B','4.B.D'),
('4.B.216','Vancouver Broadway Green','4','B','4.B.E'),
('4.B.217','Vancouver Broadway Green','4','B','4.B.E'),
('4.B.218','Vancouver Broadway Green','4','B','4.B.E'),
('4.B.219','Vancouver Broadway Green','4','B','4.B.E'),
('4.B.220','Vancouver Broadway Green','4','B','4.B.E'),
('4.B.221','Vancouver Broadway Green','4','B','4.B.E'),
('4.B.222','Vancouver Broadway Green','4','B','4.B.E'),
('4.B.223','Vancouver Broadway Green','4','B','4.B.E'),
('4.B.224','Vancouver Broadway Green','4','B','4.B.E'),
('4.B.225','Vancouver Broadway Green','4','B','4.B.E'),
('4.B.226','Vancouver Broadway Green','4','B','4.B.E'),
('4.B.227','Vancouver Broadway Green','4','B','4.B.E'),
('4.B.228','Vancouver Broadway Green','4','B','4.B.E'),
('4.B.229','Vancouver Broadway Green','4','B','4.B.E'),
('4.B.230','Vancouver Broadway Green','4','B','4.B.E'),
('4.B.231','Vancouver Broadway Green','4','B','4.B.E'),
('4.B.232','Vancouver Broadway Green','4','B','4.B.E'),
('4.B.233','Vancouver Broadway Green','4','B','4.B.E'),
('4.B.234','Vancouver Broadway Green','4','B','4.B.E'),
('4.B.235','Vancouver Broadway Green','4','B','4.B.E'),
('4.B.236','Vancouver Broadway Green','4','B','4.B.E'),
('4.B.237','Vancouver Broadway Green','4','B','4.B.E'),
('4.B.238','Vancouver Broadway Green','4','B','4.B.E'),
('4.B.239','Vancouver Broadway Green','4','B','4.B.E'),
('4.B.240','Vancouver Broadway Green','4','B','4.B.E'),
('4.B.241','Vancouver Broadway Green','4','B','4.B.E'),
('4.B.242','Vancouver Broadway Green','4','B','4.B.E'),
('4.B.243','Vancouver Broadway Green','4','B','4.B.E'),
('4.B.244','Vancouver Broadway Green','4','B','4.B.E'),
('4.B.247','Vancouver Broadway Green','4','B','4.B.F'),
('4.B.248','Vancouver Broadway Green','4','B','4.B.F'),
('4.B.249','Vancouver Broadway Green','4','B','4.B.F'),
('4.B.250','Vancouver Broadway Green','4','B','4.B.F'),
('4.B.251','Vancouver Broadway Green','4','B','4.B.F'),
('4.B.252','Vancouver Broadway Green','4','B','4.B.F'),
('4.B.253','Vancouver Broadway Green','4','B','4.B.F'),
('4.B.254','Vancouver Broadway Green','4','B','4.B.F'),
('4.B.255','Vancouver Broadway Green','4','B','4.B.F'),
('4.B.256','Vancouver Broadway Green','4','B','4.B.F'),
('4.B.257','Vancouver Broadway Green','4','B','4.B.F'),
('4.B.258','Vancouver Broadway Green','4','B','4.B.F'),
('4.B.259','Vancouver Broadway Green','4','B','4.B.F'),
('4.B.260','Vancouver Broadway Green','4','B','4.B.F'),
('4.B.261','Vancouver Broadway Green','4','B','4.B.F'),
('4.B.262','Vancouver Broadway Green','4','B','4.B.F'),
('4.B.263','Vancouver Broadway Green','4','B','4.B.F'),
('4.B.264','Vancouver Broadway Green','4','B','4.B.F'),
('4.B.265','Vancouver Broadway Green','4','B','4.B.F'),
('4.B.266','Vancouver Broadway Green','4','B','4.B.F');

/*
Table: employee
Stores information of employee that have resevered table with the system
id: the employee id
name: name of the employee
dept: department of the employee
phoneNum: the phone number
*/

CREATE TABLE employee (
	id varchar(8) NOT NULL,
	emp_name varchar(64) NOT NULL,
    emp_dept varchar(64) NOT NULL,
    phoneNum varchar(64) NOT NULL,
    email varchar(64) NOT NULL,
    PRIMARY KEY (id)
    );


/*
Table: deskreservation
Stores desk reservation info, and on hold reservations
!!TODO: max reservation 3000
DATETIME - format: YYYY-MM-DD HH:MI:SS
rid: auto increment,unique id of reservation
desk_id: the desk that was reserved
employee: foreign key reference empid
status: reservation status: onhold/reserved
create_datetime: DATETIME when reservation is confirmed
start_datetime: DATETIME of the start point
end_datetime: DATETIME of the end point
*/
CREATE TABLE deskreservation (
	rid int NOT NULL auto_increment,
	desk_id varchar(16) NOT NULL,
    location_name varchar(64) NOT NULL,
    employee varchar(8) NOT NULL,
    status varchar(32) NOT NULL,
    create_datetime DATETIME NOT NULL,
    start_datetime DATETIME NOT NULL,
    end_datetime DATETIME NOT NULL,
    PRIMARY KEY (rid),
    FOREIGN KEY (employee) REFERENCES employee(id),
	FOREIGN KEY (desk_id) REFERENCES desk(number) ON DELETE CASCADE ON UPDATE CASCADE,
	FOREIGN KEY (location_name) REFERENCES location(officename) ON DELETE CASCADE ON UPDATE CASCADE
    );

/*
Table: archive
archiveid: auto increment
emp_id: foreign key reference employee.id
create_datetime: DATETIME when reservation is confirmed
start_datetime: DATETIME of reservation start point
end_datetime: DATETIME of reservation end point
archive_datetime: DATETIME when reservation is offloaded from deskreservation table; loaded to archive
*/

CREATE TABLE archive (
	archiveid int NOT NULL auto_increment,
    emp_id varchar(8) NOT NULL,
	desk_id varchar(16) NOT NULL,
	location_name varchar(64) NOT NULL,
	create_datetime DATETIME NOT NULL,
    start_datetime DATETIME NOT NULL,
	end_datetime DATETIME NOT NULL,
    archive_datetime DATETIME NOT NULL,
    PRIMARY KEY (archiveid),
	FOREIGN KEY (emp_id) REFERENCES employee(id)
    ); 
    